city,last_buy_time,title,house_id,area,publish_time,watch_num,average_price,location,focus_num,community,price,model,link
锦江,2009-01-13,一梯一户洋房，位置安静，套四带保姆间，储物间，,106100583722,185.0,2017-08-19,31,27028,"104.099368,30.61635",19,翡翠城三期  ,5000000.0, 4室2厅 ,https://cd.lianjia.com/ershoufang/106100583722.html
锦江,2010-09-20,户型好，采光充足，大套三双卫！,106100575483,136.62,2017-08-16,35,15738,"104.148173,30.599724",18,和祥瑞苑  ,2150000.0, 3室2厅 ,https://cd.lianjia.com/ershoufang/106100575483.html
锦江,2010-11-05,望江橡树林一期 套三双卫 带阳台 清水房,106100548757,122.6,2017-08-06,51,24960,"104.09855368,30.62856129",22,望江橡树林一期  ,3060000.0, 3室2厅 ,https://cd.lianjia.com/ershoufang/106100548757.html
锦江,2010-07-14,翡翠城四期  三居室  有阳台  朝东南,106100553749,88.28,2017-08-08,51,23562,"104.102412,30.618452",61,翡翠城四期  ,2080000.0, 3室1厅 ,https://cd.lianjia.com/ershoufang/106100553749.html
锦江,2005-03-21,业主自住房，户型方正的两居室，此房在金象花园,106100538782,64.78,2017-08-03,21,12041,"104.107188,30.614785",249,金象花园二期  ,780000.0, 2室2厅 ,https://cd.lianjia.com/ershoufang/106100538782.html
锦江,2012-03-21,凯丽香江 3室2厅 交通便利 不临路 ,106100545800,88.22,2017-08-05,25,18024,"104.09097164,30.60456576",39,蓝光凯丽香江  ,1590000.0, 3室2厅 ,https://cd.lianjia.com/ershoufang/106100545800.html
锦江,2015-05-04,卓锦城三期 套二双卫 带阳台 朝西南,106100593102,96.72,2017-08-23,30,15716,"104.139912,30.604777",11,卓锦城三期  ,1520000.0, 2室2厅 ,https://cd.lianjia.com/ershoufang/106100593102.html
锦江,2010-05-14,莲花逸都对中庭套三，无遮挡采光好，,106100567554,97.7,2017-08-13,36,17912,"104.109791,30.644676",47,莲花逸都  ,1750000.0, 3室2厅 ,https://cd.lianjia.com/ershoufang/106100567554.html
锦江,2007-03-20,康郡 套三双卫 有装修 有阳台,106100544660,120.24,2017-08-05,23,16468,"104.10438,30.615065",21,康郡  ,1980000.0, 3室2厅 ,https://cd.lianjia.com/ershoufang/106100544660.html
锦江,2012-06-18,鑫苑名家一期三室两厅一卫有装修,106100590459,104.46,2017-08-22,33,15317,"104.14922418,30.60434029",31,鑫苑名家一期  ,1600000.0, 3室2厅 ,https://cd.lianjia.com/ershoufang/106100590459.html
锦江,2012-11-08,二环边，沙河壹号居家套二可做套三,106100547861,70.06,2017-08-06,63,16843,"104.122735,30.624413",195,沙河壹号一期  ,1180000.0, 2室2厅 ,https://cd.lianjia.com/ershoufang/106100547861.html
锦江,2004-07-09,国信滨河雅居套三双卫，东南朝向,106100539527,141.3,2017-08-03,33,20524,"104.094953,30.627638",38,国信滨河雅居  ,2900000.0, 3室2厅 ,https://cd.lianjia.com/ershoufang/106100539527.html
锦江,2012-06-11,翡翠城五期，中间楼层，方正户型，有地暖有空调,106100550030,120.42,2017-08-07,36,27405,"104.098809,30.61789",25,翡翠城五期  ,3300000.0, 3室2厅 ,https://cd.lianjia.com/ershoufang/106100550030.html
锦江,2011-07-04,时代豪庭套二  有装修  钥匙房,106100496325,116.0,2017-07-16,15,31035,"104.095343,30.652718",16,时代豪庭一期  ,3600000.0, 2室2厅 ,https://cd.lianjia.com/ershoufang/106100496325.html
锦江,2011-05-09,交大绿岭一期，高楼层套二，有装修,106100517803,88.03,2017-07-25,71,15904,"104.112812,30.623982",55,交大绿岭一期  ,1400000.0, 2室1厅 ,https://cd.lianjia.com/ershoufang/106100517803.html
锦江,2013-02-22,望江橡树林二期   套三单卫有装修,106100554167,90.83,2017-08-09,29,26423,"104.099424,30.630257",14,瑞升望江橡树林二期  ,2400000.0, 3室2厅 ,https://cd.lianjia.com/ershoufang/106100554167.html
锦江,2010-03-03,时代豪庭一期朝南套二 带装修 看房方便,106092876705,116.28,2016-11-04,252,32680,"104.095343,30.652718",83,时代豪庭一期  ,3800000.0, 2室2厅 ,https://cd.lianjia.com/ershoufang/106092876705.html
focus_num,publish_time,location,last_buy_time,city,area,link,average_price,watch_num,title,community,model,house_id,price
63,2017-04-15,"104.09709262,30.61852907",2009-02-23,锦江,116.3,https://cd.lianjia.com/ershoufang/106100270806.html,25366,22,采光好，保养好；带家具家电；拎包入住；没有增值税,翡翠城一期  , 3室2厅 ,106100270806,2950000.0
0,2017-04-17,"104.098809,30.61789",2013-02-06,锦江,90.33,https://cd.lianjia.com/ershoufang/106100276795.html,27455,63,标准的套三双卫户型 开发商装修 房东自住 楼层适中,翡翠城五期  , 3室2厅 ,106100276795,2480000.0
66,2017-03-17,"104.086745,30.651812",2008-06-11,锦江,117.0,https://cd.lianjia.com/ershoufang/106100202699.html,20513,212,银唐国际  套三改套二  有装修出售,银唐国际  , 2室2厅 ,106100202699,2400000.0
16,2017-07-16,"104.095343,30.652718",2011-07-04,锦江,116.0,https://cd.lianjia.com/ershoufang/106100496325.html,31035,15,时代豪庭套二  有装修  钥匙房,时代豪庭一期  , 2室2厅 ,106100496325,3600000.0
80,2017-07-12,"104.133858,30.611345",2009-07-24,锦江,130.26,https://cd.lianjia.com/ershoufang/106100485323.html,15201,20,蓝谷地三四期，带装修，套三双卫，,蓝谷地三四期  , 3室2厅 ,106100485323,1980000.0
21,2017-08-25,"104.0799065,30.62208731",2011-05-18,武侯,107.59,https://cd.lianjia.com/ershoufang/106100599344.html,13942,25,武侯区 航空路 时代阳光花园 套三双卫 朝南 安静 四楼,时代阳光花园  , 3室2厅 ,106100599344,1500000.0
33,2017-08-09,"104.022169,30.657302",2005-04-18,武侯,97.19,https://cd.lianjia.com/ershoufang/106100556611.html,14405,30,丽景华庭一期一梯两户客厅挑高套二,丽景华庭一期  , 2室1厅 ,106100556611,1400000.0
88,2017-05-20,"104.02044838,30.65004233",2010-11-02,武侯,84.37,https://cd.lianjia.com/ershoufang/106100354899.html,17187,82,花间兰庭 电梯 不临街 两室两厅,花间兰庭  , 2室2厅 ,106100354899,1450000.0
18,2017-08-21,"104.022701,30.642236",2011-12-14,武侯,88.92,https://cd.lianjia.com/ershoufang/106100588018.html,15183,1,武侯国际花园 套二双卫 带阳台 可变套三,武侯国际花园  , 2室2厅 ,106100588018,1350000.0
30,2017-08-14,"104.03446846,30.64330099",2005-12-25,武侯,71.2,https://cd.lianjia.com/ershoufang/106100568829.html,15450,56,爱家馨城，71.2平套二，有阳台，西北朝向。,爱家馨城  , 2室2厅 ,106100568829,1100000.0
121,2017-07-16,"104.023527,30.660847",2012-03-23,武侯,141.35,https://cd.lianjia.com/ershoufang/106100495953.html,21224,107,中海龙湾半岛  套三双卫  朝南对中庭  位置安静,中海龙湾半岛  , 3室2厅 ,106100495953,3000000.0
299,2017-03-28,"104.065181,30.613967",2008-06-13,武侯,73.54,https://cd.lianjia.com/ershoufang/106100229633.html,15638,233,上锦雅筑套二，有装修  带阳台,上锦雅筑  , 2室2厅 ,106100229633,1150000.0
64,2017-05-03,"104.06976434,30.6249553",2014-12-25,武侯,304.0,https://cd.lianjia.com/ershoufang/106100312730.html,12007,60,桐梓林凯莱帝景跃层套五。带平台,凯莱帝景  , 5室3厅 ,106100312730,3650000.0
29,2017-08-22,"104.04224938,30.64896213",2011-04-18,武侯,54.02,https://cd.lianjia.com/ershoufang/106100591280.html,14254,40,巷上生活馆 套一 有装修 有生活阳台,巷上生活馆  , 1室1厅 ,106100591280,770000.0
32,2017-08-12,"104.021049,30.637749",2012-02-27,武侯,86.51,https://cd.lianjia.com/ershoufang/106100563335.html,17918,24,双楠忆景 套三单卫 清水房 有钥匙 看房方便 ,双楠忆景  , 3室1厅 ,106100563335,1550000.0
18,2017-08-16,"104.024888,30.686793",2003-04-18,青羊,127.46,https://cd.lianjia.com/ershoufang/106100575710.html,13573,27,千和沁香华庭 ，套三双卫，户型方正 ，中间楼层,千和沁香华庭  , 3室2厅 ,106100575710,1730000.0
73,2017-08-15,"104.025413,30.644239",2003-09-03,武侯,58.66,https://cd.lianjia.com/ershoufang/106100572927.html,15002,37,电梯小户型套二，居家装修，红牌楼,双楠回归线  , 2室1厅 ,106100572927,880000.0
23,2017-08-17,"103.98496493,30.677049",2011-08-08,青羊,86.93,https://cd.lianjia.com/ershoufang/106100577346.html,13805,27,锦绣光华，两室，有装修，有家具家电,锦绣光华  , 2室1厅 ,106100577346,1200000.0
3,2017-08-20,"104.012847,30.677751",2005-10-02,青羊,118.14,https://cd.lianjia.com/ershoufang/106100586337.html,17607,30,香格里拉花园，三室两厅一厨两卫,香格里拉花园  , 3室2厅 ,106100586337,2080000.0
47,2017-08-09,"104.04224938,30.64896213",2010-12-09,武侯,54.02,https://cd.lianjia.com/ershoufang/106100556551.html,14440,81,巷上生活馆 套一户型 有装修 采光好,巷上生活馆  , 1室1厅 ,106100556551,780000.0
6,2017-08-05,"104.088074,30.631494",2014-03-27,武侯,173.03,https://cd.lianjia.com/ershoufang/106100544550.html,17339,18,棕东小区四室两厅一厨两卫带保姆房 南北通透 采光好,棕东小区  , 4室2厅 ,106100544550,3000000.0
4,2017-08-26,"104.009217,30.640381",2010-04-20,武侯,119.62,https://cd.lianjia.com/ershoufang/106100600458.html,15048,9,中华名园二期 套三 有装修带阳台视野开阔,中华名园二期  , 3室2厅 ,106100600458,1800000.0
31,2017-08-23,"104.029133,30.66738",2015-06-19,青羊,163.45,https://cd.lianjia.com/ershoufang/106100593094.html,16825,40,草堂居，套三双卫有装修，顶跃带花园 看房方便,草堂路19号  , 3室2厅 ,106100593094,2750000.0
22,2017-08-02,"104.02359087,30.65860577",2008-07-06,武侯,86.52,https://cd.lianjia.com/ershoufang/106100536963.html,16991,46,中海常春藤花园，不临街套二，简单装修,中海常春藤花园  , 2室2厅 ,106100536963,1470000.0
17,2017-06-24,"104.017257,30.666128",2009-07-07,青羊,149.8,https://cd.lianjia.com/ershoufang/106100441455.html,22564,35,中华家园西区2跃3，居家装修，带平台,中华家园（西区）  , 4室2厅 ,106100441455,3380000.0
24,2017-07-18,"104.011214,30.650554",2008-08-22,武侯,167.1,https://cd.lianjia.com/ershoufang/106100499295.html,6942,24,园中园东苑 套四双卫 装修过 不临街,园中园东苑  , 4室3厅 ,106100499295,1160000.0
75,2017-08-21,"104.0078067,30.66176638",2009-09-21,武侯,94.8,https://cd.lianjia.com/ershoufang/106100588628.html,8439,12,标准套三有装修 户型方正 客厅带阳台 有顶楼平台花园,中央花园一期  , 3室2厅 ,106100588628,800000.0
9,2017-08-19,"104.064143,30.602297",2015-08-25,高新,140.87,https://cd.lianjia.com/ershoufang/106100583255.html,22007,15,朝南套四+客厅带阳台+采光视野好+安静,南城都汇汇尚园  , 4室2厅 ,106100583255,3100000.0
8,2017-08-21,"104.05722376,30.61960028",2007-11-27,高新,137.93,https://cd.lianjia.com/ershoufang/106100588836.html,20301,11,上海花园 中庭位置通透三居室 户型方正 双阳台,上海花园  , 3室2厅 ,106100588836,2800000.0
8,2017-08-09,"103.978178,30.731136",2013-06-28,高新西,139.28,https://cd.lianjia.com/ershoufang/106100554517.html,18165,29,林庭叠院 清水 套三 中庭中间楼层,林庭叠院  , 3室2厅 ,106100554517,2530000.0
121,2017-07-17,"104.15551,30.631199",2012-08-03,成华,93.3,https://cd.lianjia.com/ershoufang/106100498376.html,12755,60,魅力阳光，套二单卫，有装修，看房预约,魅力阳光  , 2室1厅 ,106100498376,1190000.0
67,2017-08-08,"104.07992,30.538856",2010-10-29,高新,125.49,https://cd.lianjia.com/ershoufang/106100553814.html,13149,31,远大都市风景三期  居家四房 户型通透  两梯两户,远大都市风景三期  , 4室2厅 ,106100553814,1650000.0
85,2017-06-24,"104.05411262,30.6361719",2009-10-19,高新,160.92,https://cd.lianjia.com/ershoufang/106100441314.html,15412,40,国际花园 4室2厅 248万,国际花园  , 4室2厅 ,106100441314,2480000.0
47,2017-04-26,"103.982805,30.738955",2014-02-19,高新西,45.21,https://cd.lianjia.com/ershoufang/106100295852.html,9954,44,此房室没有装修，无隔层的清水房。,保利香槟国际  , 1室1厅 ,106100295852,450000.0
32,2017-07-08,"103.940117,30.779682",2017-06-19,高新西,75.55,https://cd.lianjia.com/ershoufang/106100476656.html,15619,37,客厅朝南，方阳台，采光充足，顶楼带花园。,万景峰二期  , 3室2厅 ,106100476656,1180000.0
50,2017-04-14,"103.940117,30.779682",2015-04-17,高新西,39.45,https://cd.lianjia.com/ershoufang/106100269692.html,7098,5,万景峰二期 两房上下两层 带装修 隔成两户了,万景峰二期  , 2室0厅 ,106100269692,280000.0
16,2017-07-17,"104.04980361,30.70601522",2003-02-27,金牛,138.22,https://cd.lianjia.com/ershoufang/106100497921.html,11215,49,套三双卫+不临街+交通生活方便！,宏源新居  , 3室2厅 ,106100497921,1550000.0
8,2017-08-15,"104.087598,30.500158",2014-12-22,天府新区,58.96,https://cd.lianjia.com/ershoufang/106100572174.html,20353,13,万科海悦汇城西区满两年位置安静的中间楼层,万科海悦汇城西区  , 2室2厅 ,106100572174,1200000.0
0,2017-08-08,"104.075647,30.487372",2015-05-07,天府新区,166.12,https://cd.lianjia.com/ershoufang/106100553490.html,16133,9,河畔套四双卫，满二年了的。房子房东自己装修了的的哈,恒大天府半岛一期  , 4室2厅 ,106100553490,2680000.0
20,2017-07-28,"104.036738,30.693861",2003-08-05,金牛,189.99,https://cd.lianjia.com/ershoufang/106100523981.html,12106,18,锦汇花园套四 卧室有阳台 客厅有落地窗 有装修,锦汇花园  , 4室3厅 ,106100523981,2300000.0
3,2017-08-26,"103.983218,30.72348",暂无数据,高新西,84.0,https://cd.lianjia.com/ershoufang/106100600711.html,16191,16,中海国际橙郡三期 装修套二 看体育公园,橙郡三期  , 2室1厅 ,106100600711,1360000.0
85,2017-04-08,"104.057562,30.534171",2011-11-09,天府新区,85.15,https://cd.lianjia.com/ershoufang/106100254316.html,15268,77,慕和南道  简单装修  套二  朝东,慕和南道  , 2室2厅 ,106100254316,1300000.0
115,2017-08-20,"104.047914,30.502704",2013-09-23,天府新区,76.45,https://cd.lianjia.com/ershoufang/106100586401.html,11773,17,南湖国际社区套二出售，朝南采光好,南湖国际社区  , 2室2厅 ,106100586401,900000.0
5,2017-08-18,"103.985238,30.723716",2010-12-22,高新西,83.81,https://cd.lianjia.com/ershoufang/106100580887.html,14319,0,橙郡二期 2室1厅 120万,橙郡二期  , 2室1厅 ,106100580887,1200000.0
0,2017-02-18,"103.940117,30.779682",2017-02-18,高新西,38.63,https://cd.lianjia.com/ershoufang/106100131926.html,6860,69,万景峰2期+上下跃层公寓+有装修带家具家电,万景峰二期  , 1室0厅 ,106100131926,265000.0
189,2017-07-16,"103.917629,30.597042",2014-11-28,双流,71.71,https://cd.lianjia.com/ershoufang/106100495039.html,9483,38,东立国际花城套二   家具家电全带,东立国际花城  , 2室2厅 ,106100495039,680000.0
67,2017-07-24,"103.917357,30.559727",2015-06-01,双流,82.4,https://cd.lianjia.com/ershoufang/106100513820.html,9709,55,海棠公馆套二，满两年，户型方正，中间楼层，采光好。,海棠公馆一期  , 2室2厅 ,106100513820,800000.0
31,2017-07-08,"103.940409,30.779208",2012-12-11,高新西,84.92,https://cd.lianjia.com/ershoufang/106100476279.html,10010,12,万景峰+装修套四单卫+客厅次卧带阳台,万景峰一期  , 4室2厅 ,106100476279,850000.0
32,2017-05-30,"103.971807,30.749197",2011-11-09,高新西,113.76,https://cd.lianjia.com/ershoufang/106100377635.html,10197,3,清水房，带地下室，有个卧室挑高，两个卫生间,芙华金色海伦  , 3室2厅 ,106100377635,1160000.0
57,2017-07-21,"103.941972,30.580103",2008-09-03,双流,89.21,https://cd.lianjia.com/ershoufang/106100507223.html,7287,44,锦绣华都 标准套二 有装修 楼层适中 不临街 ,锦绣华都  , 2室1厅 ,106100507223,650000.0
34,2017-07-31,"103.995902,30.566667",2006-06-13,双流,166.71,https://cd.lianjia.com/ershoufang/106100533764.html,10198,8,宜居顶跃 套五双卫 有装修 带大花园,川大河畔  , 5室2厅 ,106100533764,1700000.0
20,2017-06-28,"103.92213,30.60201",2013-09-17,双流,127.37,https://cd.lianjia.com/ershoufang/106100451725.html,15624,21,多层洋房 有装修 带入户花园 看房提前约,富豪新岸  , 3室2厅 ,106100451725,1990000.0
5,2017-08-24,"103.987963,30.573112",2014-01-24,双流,65.58,https://cd.lianjia.com/ershoufang/106100595689.html,12962,13,翰林上岛双阳台高楼层临河看房有钥匙,翰林上岛  , 2室2厅 ,106100595689,850000.0
74,2017-07-30,"104.006676,30.583669",2013-05-17,双流,74.25,https://cd.lianjia.com/ershoufang/106100529394.html,11852,33,航空港 空港十六区 居家套二出售,空港十六区  , 2室2厅 ,106100529394,880000.0
10,2017-07-06,"103.92213,30.60201",2013-05-14,双流,111.64,https://cd.lianjia.com/ershoufang/106100470213.html,12093,33,满两年电梯套三装修房，低楼层，卧室客厅带阳台不临街,富豪新岸  , 3室2厅 ,106100470213,1350000.0
36,2017-08-17,"103.996528,30.572568",2012-02-17,双流,81.33,https://cd.lianjia.com/ershoufang/106100577305.html,9960,24,和贵久居福套二+朝东+家具家电,和贵久居福  , 2室1厅 ,106100577305,810000.0
27,2017-07-28,"103.971807,30.749197",2011-11-08,高新西,92.32,https://cd.lianjia.com/ershoufang/106100525322.html,10074,7,金色海伦   套三单卫     有装修   客厅有阳台,芙华金色海伦  , 3室2厅 ,106100525322,930000.0
0,2017-08-26,"103.941972,30.580103",2011-08-26,双流,124.98,https://cd.lianjia.com/ershoufang/106100602412.html,7842,1,锦绣华都，套四双卫带屋顶花园，视线好，采光好。,锦绣华都  , 4室2厅 ,106100602412,980000.0
111,2017-06-26,"103.917629,30.597042",2013-06-27,双流,90.0,https://cd.lianjia.com/ershoufang/106100445660.html,7778,50,东立国际花城一期套二，客厅带阳台,东立国际花城  , 2室2厅 ,106100445660,700000.0
41,2017-04-26,"103.982805,30.738955",2014-02-19,高新西,45.21,https://cd.lianjia.com/ershoufang/106100295882.html,9954,41,此房为loft清水房，对中庭，中间楼层。,保利香槟国际  , 1室1厅 ,106100295882,450000.0
86,2017-07-11,"104.006676,30.583669",2011-10-28,双流,75.17,https://cd.lianjia.com/ershoufang/106100483127.html,10643,56,简装修套二 满五年无个人所得税 对游泳池 不临街,空港十六区  , 2室2厅 ,106100483127,800000.0
610,2017-02-22,"103.980608,30.574891",2014-02-01,双流,72.74,https://cd.lianjia.com/ershoufang/106100141472.html,10311,182,有入户花园 居家装修两居室 有阳台 卧室带飘窗,空港首座  , 2室1厅 ,106100141472,750000.0
23,2017-07-05,"103.92840500434,30.780993365795",2015-05-28,高新西,85.86,https://cd.lianjia.com/ershoufang/106100468540.html,8736,7, 套二 有装修 不临街 产权面积86平,上锦颐园佳境  , 2室2厅 ,106100468540,750000.0
105,2017-06-29,"103.994184,30.573735",2011-06-11,双流,65.8,https://cd.lianjia.com/ershoufang/106100453236.html,11095,5,书香尚品双阳台装修套二 带家具家电 ,加贝书香尚品  , 2室1厅 ,106100453236,730000.0
49,2017-08-01,"103.913032,30.571611",2011-01-26,双流,122.11,https://cd.lianjia.com/ershoufang/106100535495.html,12448,30,棠湖泊林镇花园洋房装修套三双卫不临街,棠湖泊林镇  , 3室2厅 ,106100535495,1520000.0
137,2017-06-28,"103.980608,30.574891",2014-12-12,双流,80.75,https://cd.lianjia.com/ershoufang/106100451757.html,10527,107,空港首座套三改套二，基装保养好,空港首座  , 2室2厅 ,106100451757,850000.0
71,2017-04-01,"104.057562,30.534171",2011-09-13,天府新区,70.03,https://cd.lianjia.com/ershoufang/106100240341.html,14994,21,此房装修带家具家电，已满两年，,慕和南道  , 2室2厅 ,106100240341,1050000.0
73,2017-07-13,"104.059766,30.682789",2010-10-11,金牛,131.94,https://cd.lianjia.com/ershoufang/106100487181.html,21222,62,曦城套三通透户型带3阳台视野开阔采光好有地暖带车位,曦城  , 3室2厅 ,106100487181,2800000.0
24,2017-08-23,"103.917629,30.597042",2013-10-17,双流,78.5,https://cd.lianjia.com/ershoufang/106100594100.html,10829,24,东立国际花城套二+有装修+有家具家电+安静不临街,东立国际花城  , 2室2厅 ,106100594100,850000.0
48,2017-08-08,"103.917629,30.597042",2014-10-27,双流,73.44,https://cd.lianjia.com/ershoufang/106100553686.html,10213,25,东立国际花城套二 家具家电全带,东立国际花城  , 2室2厅 ,106100553686,750000.0
0,2017-04-18,"104.002464,30.714052",2010-12-17,金牛,137.77,https://cd.lianjia.com/ershoufang/106100278787.html,11977,137,套三双卫  客厅阳台 位置安静 朝南,白鸽岛尚  , 3室2厅 ,106100278787,1650000.0
63,2017-06-07,"103.994692,30.578019",2015-04-08,双流,116.57,https://cd.lianjia.com/ershoufang/106100397006.html,14069,59,温哥华南苑，电梯，套四双卫带装修，家具家电都有,温哥华南苑  , 4室2厅 ,106100397006,1640000.0
27,2017-06-05,"104.033199,30.692977",2009-11-11,金牛,85.56,https://cd.lianjia.com/ershoufang/106100393798.html,20454,70,凯丽豪景 套二 有装修 空房出售,凯丽豪景  , 2室2厅 ,106100393798,1750000.0
33,2017-08-01,"104.006676,30.583669",2010-05-14,双流,111.94,https://cd.lianjia.com/ershoufang/106100534047.html,11257,22,空港十六区   精装居家套三出售  保养好  拎包入住,空港十六区  , 3室2厅 ,106100534047,1260000.0
107,2017-06-07,"103.996528,30.572568",2009-11-26,双流,84.01,https://cd.lianjia.com/ershoufang/106100398938.html,10714,127,久居福装修套二  有阳台 卧室有飘窗,和贵久居福  , 2室2厅 ,106100398938,900000.0
0,2017-06-28,"104.07904,30.595818",2008-12-31,高新,113.35,https://cd.lianjia.com/ershoufang/106100450570.html,15528,68,房子无按揭 无抵押，主卧朝南，户型方正,天府名居  , 3室1厅 ,106100450570,1760000.0
69,2017-06-13,"103.982805,30.738955",2015-05-07,高新西,45.9,https://cd.lianjia.com/ershoufang/106100413395.html,11547,22,保利香槟国际 1室1厅 53万,保利香槟国际  , 1室1厅 ,106100413395,530000.0
58,2017-04-06,"103.940117,30.779682",2013-11-13,高新西,38.64,https://cd.lianjia.com/ershoufang/106100250717.html,7247,9,房屋有装修，带家具家电，上下两层,万景峰二期  , 2室0厅 ,106100250717,280000.0
26,2017-07-18,"103.982805,30.738955",暂无数据,高新西,41.0,https://cd.lianjia.com/ershoufang/106100499821.html,11708,24,保利香槟国际，装修公寓，带家具家电,保利香槟国际  , 1室1厅 ,106100499821,480000.0
2,2017-08-25,"103.971807,30.749197",暂无数据,高新西,108.45,https://cd.lianjia.com/ershoufang/106100598904.html,13832,9,电梯+清水+挑高+总共三层+有花园+有两个车位,芙华金色海伦  , 4室2厅 ,106100598904,1500000.0
22,2017-06-28,"104.119201,30.722007",2009-12-08,成华,95.89,https://cd.lianjia.com/ershoufang/106100451806.html,12828,51,富丽花城      套三    有装修        ,富丽花城  , 3室2厅 ,106100451806,1230000.0
33,2017-07-09,"104.057562,30.534171",2013-04-23,天府新区,87.0,https://cd.lianjia.com/ershoufang/106100478149.html,14943,40,慕和南道 套二朝北清水房不临街看殴香小镇别墅的环境,慕和南道  , 2室2厅 ,106100478149,1300000.0
36,2017-05-11,"104.10351,30.488388",2015-08-04,天府新区,93.13,https://cd.lianjia.com/ershoufang/106100331502.html,19865,36,麓山国际麓镇帕萨迪纳1组团套二,麓山国际帕萨迪纳1组  , 2室2厅 ,106100331502,1850000.0
0,2017-07-21,"104.103221,30.716266",2013-11-05,成华,82.59,https://cd.lianjia.com/ershoufang/106100507599.html,15136,42,招商雍华府标准套二，户型方正，有装修,招商雍华府一期  , 2室2厅 ,106100507599,1250000.0
258,2017-04-09,"104.087929,30.486088",2015-04-02,天府新区,118.07,https://cd.lianjia.com/ershoufang/106100256882.html,11434,32,麓山印象清水套三，可上屋顶花园。,麓山印象  , 3室2厅 ,106100256882,1350000.0
123,2017-07-15,"104.074544,30.520472",2010-11-09,天府新区,120.83,https://cd.lianjia.com/ershoufang/106100492247.html,13408,85,凯华丽景套三双卫  有装修没有家具家电 客厅有阳台,凯华丽景  , 3室2厅 ,106100492247,1620000.0
34,2017-07-22,"104.009952,30.71141",2005-08-27,金牛,79.89,https://cd.lianjia.com/ershoufang/106100508718.html,12267,63,风林假日 装修套二 看房提前预约,风林假日  , 2室2厅 ,106100508718,980000.0
38,2017-07-17,"104.0192924,30.69850237",2000-11-24,金牛,141.04,https://cd.lianjia.com/ershoufang/106100496894.html,13117,83,金都花园标准套三，有装修，不临街，采光好,金都花园  , 3室2厅 ,106100496894,1850000.0
1,2017-08-21,"103.921342,30.595465",2013-08-15,双流,127.74,https://cd.lianjia.com/ershoufang/106100588917.html,12526,22,国奥村 清水套三双卫 127.74平米 160万,国奥村  , 3室2厅 ,106100588917,1600000.0
51,2017-07-18,"104.046639,30.690775",2011-03-16,金牛,84.14,https://cd.lianjia.com/ershoufang/106100500777.html,12836,77,兴元花园中等楼层  两室两厅一厨一卫  有装修  ,兴元花园二期  , 2室2厅 ,106100500777,1080000.0
47,2017-07-15,"104.092297,30.67917",2008-06-06,金牛,90.16,https://cd.lianjia.com/ershoufang/106100491433.html,14419,69,电梯平层套二 有装修客厅带阳台 卧室带飘窗,锦江岸  , 2室1厅 ,106100491433,1300000.0
17,2017-05-20,"103.921342,30.595465",2015-04-30,双流,4.2,https://cd.lianjia.com/ershoufang/106100355437.html,18016,53,国奥村是双流新城品质很高的小区,国奥村   , 联排别墅 ,106100355437,3400000.0
83,2017-08-05,"104.010697,30.573675",2015-07-24,双流,87.02,https://cd.lianjia.com/ershoufang/106100546771.html,12641,89,双流 中楼层套三 客厅两次卧有连接阳台 主卧有阳台,蓝光圣菲town城  , 3室2厅 ,106100546771,1100000.0
17,2017-08-03,"103.994618,30.581844",2009-01-20,双流,113.64,https://cd.lianjia.com/ershoufang/106100541197.html,10824,29,温哥华花园套三，有装修，不临路.,温哥华花园  , 3室2厅 ,106100541197,1230000.0
13,2017-08-02,"103.98703,30.724793",2017-03-01,高新西,89.0,https://cd.lianjia.com/ershoufang/106100536104.html,14045,34,中海国际社区橙郡 装修两室 双阳台 可看房,橙郡一期  , 2室1厅 ,106100536104,1250000.0
187,2017-07-30,"104.158896,30.637488",2013-12-26,成华,98.0,https://cd.lianjia.com/ershoufang/106100529611.html,15205,34,毛胚房，套三双卫，对中庭很安静。,首创国际城二期  , 3室2厅 ,106100529611,1490000.0
36,2017-07-10,"104.119201,30.722007",2009-11-12,成华,83.33,https://cd.lianjia.com/ershoufang/106100480414.html,13201,59,富丽花城套三 无增值税 有装修,富丽花城  , 3室1厅 ,106100480414,1100000.0
194,2017-06-29,"104.047914,30.502704",2014-02-21,天府新区,119.88,https://cd.lianjia.com/ershoufang/106100452499.html,15016,89,南湖国际装修带入户标准套三双卫,南湖国际社区  , 3室2厅 ,106100452499,1800000.0
24,2017-07-22,"104.057562,30.534171",2013-04-22,天府新区,93.53,https://cd.lianjia.com/ershoufang/106100510171.html,16573,52,套三单卫，客厅带阳台，主卧转角飘窗，阳台全赠送,慕和南道  , 3室2厅 ,106100510171,1550000.0
112,2017-07-26,"104.102172,30.708671",2014-12-16,成华,81.0,https://cd.lianjia.com/ershoufang/106100520240.html,12223,79,东立国际广场，清水标准套二，中间楼层,东立国际广场  , 2室2厅 ,106100520240,990000.0
63,2017-03-14,"104.065773,30.535714",2011-12-14,天府新区,85.0,https://cd.lianjia.com/ershoufang/106100193144.html,15295,34,天府新区，品质小区，清水套二，户型方正，采光好。,蜀郡  , 2室2厅 ,106100193144,1300000.0
22,2017-07-18,"104.082369,30.49735",2013-06-20,天府新区,143.0,https://cd.lianjia.com/ershoufang/106100499998.html,16084,25,新鸿基悦城，清水套三，不临街，,新鸿基悦城  , 3室2厅 ,106100499998,2300000.0
10,2017-08-04,"103.917796,30.595606",2014-12-16,双流,112.0,https://cd.lianjia.com/ershoufang/106100543604.html,11608,29,景茂名都装修套三，客厅带大阳台对中庭，带家具家电,景茂名都  , 3室2厅 ,106100543604,1300000.0
30,2017-07-07,"104.053956,30.687745",2010-01-12,金牛,70.1,https://cd.lianjia.com/ershoufang/106100473852.html,16406,85,西锦国际一期  套二  有装修 有阳台  安静 舒适 ,西锦国际一期  , 2室1厅 ,106100473852,1150000.0
17,2017-08-06,"103.921342,30.595465",2015-04-30,双流,193.45,https://cd.lianjia.com/ershoufang/106100547413.html,11631,27,满2年 两梯两户 193.45平米电梯顶跃225万,国奥村  , 5室2厅 ,106100547413,2250000.0
94,2017-06-26,"103.993396,30.568852",2010-10-18,双流,133.14,https://cd.lianjia.com/ershoufang/106100446392.html,12018,18,康桥品上  套三双卫   精装修  带产权车位  ,康桥品上  , 3室2厅 ,106100446392,1600000.0
35,2017-08-23,"103.925012,30.586815",2015-07-15,双流,114.55,https://cd.lianjia.com/ershoufang/106100592326.html,12921,20,富豪时代   一楼   带花园  套三  欧式风格,富豪时代  , 3室2厅 ,106100592326,1480000.0
76,2017-06-08,"104.043241,30.695958",2010-10-12,金牛,85.93,https://cd.lianjia.com/ershoufang/106100401483.html,13383,75,澳林春天  85㎡套二   有装修   ,澳林春天  , 2室2厅 ,106100401483,1150000.0
173,2017-06-30,"104.077603,30.705533",2015-08-26,金牛,88.07,https://cd.lianjia.com/ershoufang/106100455664.html,6995,54,云景豪庭套三已改套四 户型方正   空房,云景豪庭  , 4室1厅 ,106100455664,616000.0
32,2017-07-08,"104.056318,30.709828",2011-07-26,金牛,133.97,https://cd.lianjia.com/ershoufang/106100474798.html,12914,71,交大三期套四有装修 环境好 人车分流,交大智能三期  , 4室2厅 ,106100474798,1730000.0
37,2017-08-10,"104.072552,30.558042",2014-04-12,高新,86.89,https://cd.lianjia.com/ershoufang/106100558855.html,15883,21,蜀都套二单卫，空间利用合理，没有多余浪费,蜀都中心一期  , 2室2厅 ,106100558855,1380000.0
23,2017-08-11,"104.06050883,30.5942627",2015-06-19,高新,145.0,https://cd.lianjia.com/ershoufang/106100560949.html,25518,29,仁和春天清水户型，中楼层，无遮挡。,仁和春天国际花园  , 3室2厅 ,106100560949,3700000.0
6,2017-08-10,"104.04473,30.558737",2015-07-24,高新,64.18,https://cd.lianjia.com/ershoufang/106100557961.html,26489,28,建发天府鹭洲 套二 有装修 采光好 安静,建发天府鹭洲  , 2室2厅 ,106100557961,1700000.0
38,2017-08-02,"104.090049,30.544318",2012-12-12,高新,81.99,https://cd.lianjia.com/ershoufang/106100537741.html,14636,26,翡翠半岛国际社区套二单卫带装修,翡翠半岛  , 2室2厅 ,106100537741,1200000.0
10,2017-07-31,"103.978178,30.731136",暂无数据,高新西,140.08,https://cd.lianjia.com/ershoufang/106100532097.html,17990,35,林庭叠院 通透户型 进门有入户 客厅带阳台,林庭叠院  , 3室2厅 ,106100532097,2520000.0
55,2017-04-12,"104.131986,30.650737",2011-03-22,成华,80.74,https://cd.lianjia.com/ershoufang/106100265630.html,15482,49,水岸华庭 套二 有装修 西南朝向,水岸华庭  , 2室2厅 ,106100265630,1250000.0
60,2017-08-06,"103.93113,30.798078",暂无数据,高新西,89.57,https://cd.lianjia.com/ershoufang/106100548262.html,7816,37,恒大帝景 套三单卫 有装修 看房预约,恒大帝景  , 3室2厅 ,106100548262,700000.0
4,2017-08-18,"103.984263,30.727667",2008-02-03,高新西,141.52,https://cd.lianjia.com/ershoufang/106100581063.html,18372,5,高新西区 中海国际 蓝岸带带电梯 装修房,蓝岸B区  , 3室2厅 ,106100581063,2600000.0
2,2017-08-21,"103.933645,30.783262",2011-10-31,高新西,138.51,https://cd.lianjia.com/ershoufang/106100589838.html,7004,1,上锦颐园套三双卫 普通装修 可直接入住,上锦颐园  , 3室2厅 ,106100589838,970000.0
22,2017-08-06,"104.149977,30.644873",2014-12-08,成华,56.04,https://cd.lianjia.com/ershoufang/106100547072.html,15347,21,阳光米娅有装修套1，客厅带落地窗朝东，采光充足！,阳光100米娅中心一期  , 1室1厅 ,106100547072,860000.0
7,2017-08-21,"104.073497,30.522739",2010-12-30,天府新区,79.97,https://cd.lianjia.com/ershoufang/106100588375.html,15381,31,简装入室套二，视野，采光无缺陷。,远光水印城  , 2室1厅 ,106100588375,1230000.0
53,2017-06-12,"104.130334,30.65491",2008-10-29,成华,82.03,https://cd.lianjia.com/ershoufang/106100412261.html,16092,66,成华区万年场千居朝阳标准套二.,千居朝阳  , 2室2厅 ,106100412261,1320000.0
53,2017-07-01,"104.07973,30.496996",2015-04-20,天府新区,100.01,https://cd.lianjia.com/ershoufang/106100459522.html,14499,80,宏 达 世 纪 锦 城 套 二 改 套 三 单 卫,宏达世纪锦城  , 3室2厅 ,106100459522,1450000.0
19,2017-08-19,"104.075647,30.487372",2012-11-14,天府新区,125.71,https://cd.lianjia.com/ershoufang/106100584128.html,15115,12,恒大天府半岛一期 3室2厅 190万,恒大天府半岛一期  , 3室2厅 ,106100584128,1900000.0
85,2017-05-14,"104.125451,30.651044",2012-02-28,成华,88.0,https://cd.lianjia.com/ershoufang/106100339503.html,25569,201,华润二十四城二期 3室2厅 有装修,华润二十四城二期  , 3室2厅 ,106100339503,2250000.0
146,2017-06-21,"104.053956,30.687745",2014-09-29,金牛,75.02,https://cd.lianjia.com/ershoufang/106100433184.html,16663,176,花牌坊西锦国际，套二带俩个阳台，有装修,西锦国际一期  , 2室1厅 ,106100433184,1250000.0
294,2017-08-07,"103.994184,30.573735",2010-11-03,双流,75.64,https://cd.lianjia.com/ershoufang/106100551803.html,9123,72,加贝  书香尚品  套二居家装修,加贝书香尚品  , 2室1厅 ,106100551803,690000.0
58,2017-07-29,"104.055768,30.685513",2013-10-17,金牛,51.35,https://cd.lianjia.com/ershoufang/106100526692.html,15580,34,荷里活电梯套二 清水双卫户型 二楼有10㎡左右的储物间,荷里活  , 2室1厅 ,106100526692,800000.0
49,2017-06-14,"104.0454964,30.70098928",2004-06-21,金牛,145.33,https://cd.lianjia.com/ershoufang/106100415301.html,12111,67,琴园电梯小高层3楼适合老人标准大套三,金房苑琴园  , 3室2厅 ,106100415301,1760000.0
58,2017-05-24,"104.009151,30.70694",2010-04-09,金牛,89.93,https://cd.lianjia.com/ershoufang/106100363558.html,15568,42,140万居家装修标准小套三，带负一楼产权车位。,青房尚瑞天韵  , 3室2厅 ,106100363558,1400000.0
0,2017-08-06,"104.0221604,30.66471594",2012-11-15,青羊,123.11,https://cd.lianjia.com/ershoufang/106100549375.html,21120,29,成都花园上城套三双卫，明厨明卫，清水房,成都花园上城  , 3室2厅 ,106100549375,2600000.0
0,2017-06-16,"104.031122,30.655232",2009-10-15,武侯,133.47,https://cd.lianjia.com/ershoufang/106100420450.html,19181,137,客厅朝南带阳台+中庭不临街+明厨明卫+主次卧朝南,康河郦景三期  , 3室2厅 ,106100420450,2560000.0
3,2017-08-24,"103.982805,30.738955",2015-03-05,高新西,80.21,https://cd.lianjia.com/ershoufang/106100596467.html,22442,0,保利香槟国际套二，装修房子，对中庭。一楼带花园,保利香槟国际  , 2室2厅 ,106100596467,1800000.0
28,2017-08-07,"103.983218,30.72348",2012-09-12,高新西,91.48,https://cd.lianjia.com/ershoufang/106100551258.html,14758,58,中海国际社区 橙郡三期 三室双卫毛坯房  不临街,橙郡三期  , 3室2厅 ,106100551258,1350000.0
27,2017-08-02,"104.065291,30.530134",2003-09-10,天府新区,167.93,https://cd.lianjia.com/ershoufang/106100536901.html,9826,21,府河音乐花园，中间位置，清水房,府河音乐花园  , 4室3厅 ,106100536901,1650000.0
128,2017-05-25,"104.055807,30.599187",2014-09-11,高新,92.32,https://cd.lianjia.com/ershoufang/106100366429.html,19476,75,南城都汇一期一楼带花园，有装修套二，朝南,南城都汇汇翠园一期  , 2室2厅 ,106100366429,1798000.0
82,2017-07-13,"104.058451,30.606099",2011-09-28,高新,81.36,https://cd.lianjia.com/ershoufang/106100488476.html,24583,32,中海翠屏湾低楼层，客厅朝南，套四户型，满两年,中海翠屏湾  , 4室2厅 ,106100488476,2000000.0
73,2017-04-13,"104.078537,30.556507",2013-07-26,高新,108.81,https://cd.lianjia.com/ershoufang/106100267676.html,19300,91,英郡三期，套三双卫，满两年，有个税,英郡三期  , 3室2厅 ,106100267676,2100000.0
238,2017-03-09,"104.053736,30.561246",2011-03-02,高新,88.4,https://cd.lianjia.com/ershoufang/106100180333.html,20362,18,中海兰庭 业主自住 精装套二 朝东安静 视野开阔 ,中海兰庭  , 2室2厅 ,106100180333,1800000.0
91,2017-08-15,"104.115091,30.688035",2003-10-21,成华,113.19,https://cd.lianjia.com/ershoufang/106100572668.html,10425,30,东晖花园套三有装修，采光好有顶楼花园，,东晖花园  , 3室2厅 ,106100572668,1180000.0
17,2017-08-19,"103.940409,30.779208",暂无数据,高新西,85.96,https://cd.lianjia.com/ershoufang/106100582712.html,10354,41,万景峰套三双卫！全新未住过人！,万景峰一期  , 3室2厅 ,106100582712,890000.0
55,2017-08-13,"103.940409,30.779208",暂无数据,高新西,89.76,https://cd.lianjia.com/ershoufang/106100565393.html,9804,83,万景峰套三双卫+客厅带方阳台+有家具家电+随时可看房,万景峰一期  , 3室2厅 ,106100565393,880000.0
9,2017-08-26,"104.126034,30.666044",2012-10-30,成华,49.9,https://cd.lianjia.com/ershoufang/106100600364.html,14029,14,锦绣东方清水套一朝东看沙河视野好,锦绣东方一期  , 1室1厅 ,106100600364,700000.0
4,2017-08-25,"104.155775,30.639311",2015-03-30,成华,88.09,https://cd.lianjia.com/ershoufang/106100599570.html,15326,13,绿地开发 新里柏仕公馆朝南88平套二出售,新里柏仕公馆  , 2室2厅 ,106100599570,1350000.0
131,2017-08-04,"104.047914,30.502704",2013-09-23,天府新区,65.36,https://cd.lianjia.com/ershoufang/106100541359.html,11628,38,南湖国际社区，清水套二，满两年。,南湖国际社区  , 2室1厅 ,106100541359,760000.0
12,2017-08-24,"104.102172,30.708671",2014-09-22,成华,89.36,https://cd.lianjia.com/ershoufang/106100596846.html,12422,15,驷马桥东立国际广场，标准套三，卧室带阳台，满两年。,东立国际广场  , 3室2厅 ,106100596846,1110000.0
60,2017-08-12,"104.074544,30.520472",2010-09-25,天府新区,156.71,https://cd.lianjia.com/ershoufang/106100563937.html,11806,17,凯华丽景 套四 有装修 不临街 带入户花园,凯华丽景  , 4室2厅 ,106100563937,1850000.0
267,2017-05-07,"104.075023,30.513839",2010-08-13,天府新区,123.48,https://cd.lianjia.com/ershoufang/106100323538.html,9476,69,金南园    套三双卫外跃带花园   ,金南园  , 3室2厅 ,106100323538,1170000.0
51,2017-08-11,"104.052896,30.532752",2015-06-04,天府新区,80.85,https://cd.lianjia.com/ershoufang/106100562072.html,14843,30,光明城市 小套二 带阳台居家装修,金茂光明城市  , 2室2厅 ,106100562072,1200000.0
87,2017-08-06,"104.05342,30.72331347",2012-02-13,金牛,44.58,https://cd.lianjia.com/ershoufang/106100547400.html,10095,39,精装套一  视野好  安静不临街  卧室有阳台 ,兴元绿洲一期  , 1室1厅 ,106100547400,450000.0
21,2017-08-11,"104.055768,30.685513",2013-10-17,金牛,47.76,https://cd.lianjia.com/ershoufang/106100560644.html,28267,23,荷里活套二双面采光装修未入住带家具家电可带车位出售,荷里活  , 2室2厅 ,106100560644,1350000.0
145,2017-08-10,"104.05350782,30.70851922",2005-07-24,金牛,72.16,https://cd.lianjia.com/ershoufang/106100557378.html,10394,39,交大智能六期 套二 有装修 有生活阳台,交大智能六期  , 2室2厅 ,106100557378,750000.0
31,2017-08-07,"104.044204,30.690588",2011-11-03,金牛,74.11,https://cd.lianjia.com/ershoufang/106100551170.html,10795,30,营中巷小区， 标准套三，居家装修， 户型方正，不临街,营中巷32号  , 3室1厅 ,106100551170,800000.0
74,2017-08-03,"104.002985,30.676938",2013-08-31,青羊,88.79,https://cd.lianjia.com/ershoufang/106100539345.html,19485,59,三环内 次新小区 套三单卫 装修过 中间楼层,双玺  , 3室1厅 ,106100539345,1730000.0
71,2017-08-09,"104.080802,30.682954",2013-02-17,青羊,112.08,https://cd.lianjia.com/ershoufang/106100555284.html,11153,29,上河新城舒适型大套二+居家装修+低楼层+卧室朝南,上河新城  , 2室2厅 ,106100555284,1250000.0
41,2017-06-22,"104.045061,30.615785",2011-09-15,高新,88.99,https://cd.lianjia.com/ershoufang/106100436108.html,16632,35,套二+客厅带阳台+带装修+带家具家电,恩威玲珑南域  , 2室2厅 ,106100436108,1480000.0
14,2017-08-27,"103.940117,30.779682",2015-05-08,高新西,75.65,https://cd.lianjia.com/ershoufang/106100604486.html,10576,4,万景峰+升级版装修（带家具家电）客厅带阳台—已封好,万景峰二期  , 3室2厅 ,106100604486,800000.0
93,2015-11-24,"104.063681,30.579492",2011-06-28,高新,202.29,https://cd.lianjia.com/ershoufang/106090990184.html,31144,202,一楼清水套四三卫，有钥匙，可以 随时看房！,南苑小区B区  , 4室2厅 ,106090990184,6300000.0
68,2017-07-07,"103.92840500434,30.780993365795",2013-05-31,高新西,87.14,https://cd.lianjia.com/ershoufang/106100472768.html,6656,25,上锦颐园，装修套二，客厅带阳台！,上锦颐园佳境  , 2室2厅 ,106100472768,580000.0
123,2017-03-23,"104.07909,30.553853",2011-09-28,高新,138.8,https://cd.lianjia.com/ershoufang/106100216215.html,16571,206,英郡二期  套三双卫  带阳台  简装修 ,英郡二期  , 3室2厅 ,106100216215,2300000.0
50,2016-11-04,"104.084951,30.564918",2012-10-21,高新,381.43,https://cd.lianjia.com/ershoufang/106092875496.html,17042,34,龙湖世纪峰景+毛坯+高楼层+户型通透+视野开阔,龙湖世纪峰景  , 4室2厅 ,106092875496,6500000.0
18,2017-08-27,"104.125451,30.651044",2012-02-07,成华,83.39,https://cd.lianjia.com/ershoufang/106100604016.html,22425,15,套三单卫带平台 简单装修 对中庭,华润二十四城二期  , 3室2厅 ,106100604016,1870000.0
66,2017-07-18,"103.92840500434,30.780993365795",2014-10-23,高新西,89.94,https://cd.lianjia.com/ershoufang/106100498987.html,7561,94,上锦颐园佳境，装修套三，有钥匙，有阳台,上锦颐园佳境  , 3室2厅 ,106100498987,680000.0
36,2017-07-25,"103.92840500434,30.780993365795",2015-02-09,高新西,86.0,https://cd.lianjia.com/ershoufang/106100516895.html,8024,36,上锦颐园，清水套二，客厅带阳台外带一个平台！,上锦颐园佳境  , 2室1厅 ,106100516895,690000.0
10,2017-08-23,"104.158581,30.635756",2010-10-21,成华,88.25,https://cd.lianjia.com/ershoufang/106100592690.html,16771,12,首创国际城一期套三户型，有装修。,首创国际城一期  , 3室2厅 ,106100592690,1480000.0
342,2017-06-10,"104.113724,30.721812",2015-03-31,成华,86.18,https://cd.lianjia.com/ershoufang/106100405477.html,11372,169,上东一号二期 套三 有阳台 无装修  无家具家电,上东一号二期  , 3室1厅 ,106100405477,980000.0
8,2017-08-24,"104.128642,30.652579",2014-06-26,成华,77.1,https://cd.lianjia.com/ershoufang/106100595781.html,20753,7,自住装修两房 没贷款 带3个空调和家具,观城  , 2室2厅 ,106100595781,1600000.0
232,2017-04-10,"104.068221,30.523746",2010-09-16,天府新区,128.0,https://cd.lianjia.com/ershoufang/106100260322.html,10547,140,华阳滨河花园套三，带装修，客厅朝南,华阳滨河花园  , 3室2厅 ,106100260322,1350000.0
13,2017-08-21,"104.055707,30.528034",2008-08-18,天府新区,142.38,https://cd.lianjia.com/ershoufang/106100589579.html,11098,0,枫渡莱茵电梯房，满五唯一，精装修。,枫渡莱茵  , 3室2厅 ,106100589579,1580000.0
13,2017-08-18,"104.087598,30.500158",2014-09-19,天府新区,60.1,https://cd.lianjia.com/ershoufang/106100581469.html,19967,26,万科海悦汇城西区带装修的套二，位置安静,万科海悦汇城西区  , 2室2厅 ,106100581469,1200000.0
24,2017-08-22,"104.086605,30.492748",2014-12-10,天府新区,111.67,https://cd.lianjia.com/ershoufang/106100590724.html,14328,24,恒大名都 看中庭 装修3房 带简单家具家电 满2年,恒大名都  , 3室2厅 ,106100590724,1600000.0
86,2017-05-15,"104.05342,30.72331347",2012-02-14,金牛,112.51,https://cd.lianjia.com/ershoufang/106100342616.html,10008,54,兴元绿洲套三双卫，客厅带阳台，简单装修,兴元绿洲一期  , 3室1厅 ,106100342616,1126000.0
140,2016-11-07,"104.022512,30.703881",2010-01-01,金牛,89.11,https://cd.lianjia.com/ershoufang/106092884902.html,15711,322,阳曦芙蓉城  套二  有装修  卧室  客厅带阳台  ,阳曦芙蓉城  , 2室1厅 ,106092884902,1400000.0
12,2017-08-23,"104.051606,30.705209",2002-06-05,金牛,129.85,https://cd.lianjia.com/ershoufang/106100593524.html,20794,15,锦西名宅 2楼有花园 不临街 套三双卫 5年前婚房装修,锦西名宅西区  , 3室2厅 ,106100593524,2700000.0
5,2017-08-17,"104.04688607,30.70580604",2013-01-24,金牛,73.52,https://cd.lianjia.com/ershoufang/106100576998.html,17683,35,华宇锦城名都，朝向东北，标准套二,锦城名都  , 2室1厅 ,106100576998,1300000.0
34,2017-08-12,"104.067457,30.61725",2015-04-21,武侯,53.32,https://cd.lianjia.com/ershoufang/106100563677.html,21006,32,桐梓林欧城套一 有装修保养好  满两年,桐梓林欧城  , 1室1厅 ,106100563677,1120000.0
28,2017-08-13,"104.071351,30.643686",2011-08-13,武侯,90.18,https://cd.lianjia.com/ershoufang/106100566668.html,17410,27,教育学院电梯套二 客厅带大阳台 安静不临街,教育学院教师公寓  , 2室1厅 ,106100566668,1570000.0
106,2017-05-11,"104.029822,30.671358",2014-06-19,青羊,93.74,https://cd.lianjia.com/ershoufang/106100333249.html,12268,97,光华公屋二期多层2楼  套二  看房有钥匙,光华公屋二期  , 2室2厅 ,106100333249,1150000.0
44,2017-07-22,"104.02227948,30.67765537",2010-02-02,青羊,86.91,https://cd.lianjia.com/ershoufang/106100510605.html,15879,80,金林大城小室；两居室，不临街，预约看房,金林大城小室  , 2室2厅 ,106100510605,1380000.0
61,2016-12-08,"104.058259,30.5803",2014-07-01,高新,189.0,https://cd.lianjia.com/ershoufang/106092938128.html,26456,119,天府欣苑 装修过的  高楼层 可看锦城湖,天府欣苑东区  , 4室1厅 ,106092938128,5000000.0
77,2017-03-23,"104.042219,30.605035",2011-11-23,高新,188.21,https://cd.lianjia.com/ershoufang/106100218746.html,14346,35,美洲花园密苏里小城清水房套四带阳台花园,美洲花园二期  , 4室3厅 ,106100218746,2700000.0
44,2017-07-13,"104.0546956,30.62709239",2009-09-29,高新,89.95,https://cd.lianjia.com/ershoufang/106100488784.html,11674,49,金竹苑B区，中间楼层，方正套二,金竹苑B区  , 2室1厅 ,106100488784,1050000.0
53,2017-05-22,"104.002509,30.68217",2013-11-13,青羊,89.45,https://cd.lianjia.com/ershoufang/106100359252.html,20347,47,中大君悦金沙六期 通透套二 有装修 看房预约,中大君悦金沙六期  , 2室2厅 ,106100359252,1820000.0
69,2017-07-27,"104.029726,30.67257",2009-09-22,青羊,111.4,https://cd.lianjia.com/ershoufang/106100522409.html,18851,78,盛世草堂 套三 对中庭 朝南 看房钥匙,盛世草堂  , 3室2厅 ,106100522409,2100000.0
167,2017-03-13,"104.060041,30.633087",2004-03-25,高新,201.86,https://cd.lianjia.com/ershoufang/106100190411.html,11048,74,天府花园 朝南 有装修 4房2厅3卫,天府花园二期  , 4室2厅 ,106100190411,2230000.0
21,2017-08-02,"103.982805,30.738955",2015-06-15,高新西,109.44,https://cd.lianjia.com/ershoufang/106100538163.html,14620,21,保利香槟国际装修套三双卫，视野好，采光好,保利香槟国际  , 3室2厅 ,106100538163,1600000.0
40,2017-07-27,"104.105328,30.715252",2015-08-24,成华,281.96,https://cd.lianjia.com/ershoufang/106100521283.html,11350,35,招商雍华府二期 清水 底楼 跃层,招商雍华府二期  , 6室2厅 ,106100521283,3200000.0
91,2017-05-04,"104.125375,30.654918",2011-01-15,成华,124.83,https://cd.lianjia.com/ershoufang/106100313560.html,21630,52,万年场华润二十四城一期对中庭大套三,华润二十四城一期  , 3室2厅 ,106100313560,2700000.0
82,2017-04-06,"104.123665,30.675846",2007-08-02,成华,99.54,https://cd.lianjia.com/ershoufang/106100248829.html,13965,80,河畔华苑一期 套三双卫 朝南对中庭 有装修 安静不临街,河畔华苑一期  , 3室2厅 ,106100248829,1390000.0
52,2017-08-12,"104.146123,30.482681",2011-05-16,天府新区,82.45,https://cd.lianjia.com/ershoufang/106100564580.html,12129,29,雅居乐花园套二，朝里面。很安静。,雅居乐花园  , 2室2厅 ,106100564580,1000000.0
124,2017-07-23,"104.150404,30.660044",2009-09-01,成华,111.69,https://cd.lianjia.com/ershoufang/106100512478.html,11640,44,一代天骄装修套三 卧室带阳台 通透户型,长融一代天骄  , 3室2厅 ,106100512478,1300000.0
106,2017-08-18,"104.073497,30.522739",2010-09-28,天府新区,85.6,https://cd.lianjia.com/ershoufang/106100579719.html,14253,67,精简入室套二，视野，采光无缺陷。,远光水印城  , 2室2厅 ,106100579719,1220000.0
35,2017-08-02,"104.075647,30.487372",2012-08-10,天府新区,173.84,https://cd.lianjia.com/ershoufang/106100536650.html,13519,29,恒大天府半岛一期 清水标准套四双卫对滨河公园 看江景,恒大天府半岛一期  , 4室2厅 ,106100536650,2350000.0
34,2017-08-04,"104.087598,30.500158",2014-12-01,天府新区,62.34,https://cd.lianjia.com/ershoufang/106100543789.html,19250,38,万科海悦汇城西区 套二  大小卧户型,万科海悦汇城西区  , 2室2厅 ,106100543789,1200000.0
67,2017-07-23,"104.055649,30.70783",2011-02-25,金牛,104.05,https://cd.lianjia.com/ershoufang/106100512792.html,14224,30,交大智能一期南苑+东南朝向+有花园+不临街,交大智能一期南苑  , 3室2厅 ,106100512792,1480000.0
39,2017-08-23,"104.078007,30.685117",2011-03-10,金牛,38.88,https://cd.lianjia.com/ershoufang/106100593346.html,12861,22,天合凯旋港+客厅带阳台+看房有钥匙,天合凯旋港  , 1室0厅 ,106100593346,500000.0
26,2017-08-06,"104.034511,30.7017",2011-11-11,金牛,104.66,https://cd.lianjia.com/ershoufang/106100549492.html,15766,57,二居室有装修 客厅有阳台 主卧有卫生间,西城公馆  , 2室2厅 ,106100549492,1650000.0
47,2017-08-04,"104.03472053,30.71192955",2015-05-25,金牛,195.3,https://cd.lianjia.com/ershoufang/106100542600.html,13416,21,电梯套三四卫+有装修+跃三层+带屋顶花园,金府路6号  , 3室2厅 ,106100542600,2620000.0
66,2017-08-01,"104.036186,30.649027",2001-09-14,武侯,80.97,https://cd.lianjia.com/ershoufang/106100535632.html,9263,30,双楠三区 3室1厅 75万,双楠三区  , 3室1厅 ,106100535632,750000.0
22,2017-08-11,"104.070411,30.61991",2010-08-05,武侯,108.16,https://cd.lianjia.com/ershoufang/106100561007.html,12944,21,芳草地套三  朝南  三室二厅,芳草地  , 3室2厅 ,106100561007,1400000.0
55,2017-07-03,"104.008386,30.667603",2014-04-17,青羊,92.92,https://cd.lianjia.com/ershoufang/106100464366.html,27982,166,优品道四期曦岸清水套三双卫出售,优品道四期曦岸  , 3室2厅 ,106100464366,2600000.0
57,2017-08-05,"104.017511,30.657217",2015-07-29,武侯,103.7,https://cd.lianjia.com/ershoufang/106100544033.html,16394,36,丽景华庭二期 中庭不临街 套三单卫 装修好,丽景华庭二期  , 3室2厅 ,106100544033,1700000.0
30,2017-06-25,"103.991166,30.684913",2009-07-09,青羊,120.52,https://cd.lianjia.com/ershoufang/106100444292.html,20329,94,翠微清波 套三双卫 带15平左右生活阳台 卧室都带飘窗,翠微清波A区  , 3室2厅 ,106100444292,2450000.0
9,2017-08-23,"104.066337,30.655931",2009-12-30,青羊,82.84,https://cd.lianjia.com/ershoufang/106100594440.html,18711,29,釜山国际城市公馆，两室一厅一厨一卫,釜山国际城市公馆  , 2室2厅 ,106100594440,1550000.0
16,2017-08-21,"103.99754356,30.676995",2005-03-29,青羊,129.49,https://cd.lianjia.com/ershoufang/106100587554.html,13901,28,三环内   上城生活馆    套三双卫   有阳台,上城生活馆  , 3室2厅 ,106100587554,1800000.0
31,2017-08-16,"104.125451,30.651044",2012-04-10,成华,73.63,https://cd.lianjia.com/ershoufang/106100573887.html,26484,0,华润二十四城 小套三 户型方正,华润二十四城二期  , 3室1厅 ,106100573887,1950000.0
62,2017-07-07,"104.082509,30.600369",2009-07-01,高新,143.57,https://cd.lianjia.com/ershoufang/106100474494.html,18110,74,天府长城柏南郡 朝南 有装修 有入户花园 ,天府长城柏南郡  , 4室2厅 ,106100474494,2600000.0
216,2017-08-13,"104.043677,30.614955",2012-11-30,高新,82.86,https://cd.lianjia.com/ershoufang/106100565702.html,14483,91,神仙树馨苑 套二双卫跃层户型 清水房 不临街,神仙树馨苑  , 2室2厅 ,106100565702,1200000.0
80,2017-07-31,"104.132696,30.678172",2013-04-27,成华,89.0,https://cd.lianjia.com/ershoufang/106100533675.html,13259,113,红枫岭三期 有装修 两室两厅一厨两卫,红枫岭三期  , 2室2厅 ,106100533675,1180000.0
55,2017-08-02,"104.064143,30.602297",2015-04-22,高新,88.28,https://cd.lianjia.com/ershoufang/106100536818.html,19484,61,南城都汇汇尚园 两室两厅单卫 有装修 满2年,南城都汇汇尚园  , 2室1厅 ,106100536818,1720000.0
26,2017-08-13,"104.078649,30.551507",2011-04-06,高新,127.44,https://cd.lianjia.com/ershoufang/106100567159.html,16950,26,天府三街 英郡一期  户型通透方正三房,英郡一期  , 3室2厅 ,106100567159,2160000.0
24,2017-08-21,"104.11809,30.666155",2010-06-29,成华,89.53,https://cd.lianjia.com/ershoufang/106100588383.html,13962,55,新龙苑东区 套二带花园 有装修 户型方正,新龙苑东区  , 2室2厅 ,106100588383,1250000.0
16,2017-08-25,"104.101403,30.714324",2010-05-08,成华,119.13,https://cd.lianjia.com/ershoufang/106100598124.html,11584,24,兴元华盛   清水套三双卫  视野开阔 看房有钥匙,兴元华盛一期  , 3室2厅 ,106100598124,1380000.0
176,2017-07-13,"103.99183326109,30.712544991607",2009-07-23,金牛,81.55,https://cd.lianjia.com/ershoufang/106100486885.html,11037,39,西线阳光，标准套二，有装修，采光好,西线阳光  , 2室1厅 ,106100486885,900000.0
334,2017-08-14,"104.041227,30.604837",2015-02-09,高新,105.78,https://cd.lianjia.com/ershoufang/106100568689.html,11912,44,美洲花园三期套三 五跃六带楼顶花园有装修阳台飘窗,美洲花园三期  , 3室2厅 ,106100568689,1260000.0
97,2017-08-17,"104.045992,30.605155",2011-07-14,高新,112.32,https://cd.lianjia.com/ershoufang/106100577372.html,14691,44,美洲花园五期 电梯小洋楼 带大阳台 带平台,美洲花园城南公馆  , 3室1厅 ,106100577372,1650000.0
16,2017-08-17,"104.068221,30.523746",2003-08-02,天府新区,157.13,https://cd.lianjia.com/ershoufang/106100578733.html,10120,30,华阳滨河花园 临河套四 有装修 精装空房,华阳滨河花园  , 4室2厅 ,106100578733,1590000.0
18,2017-06-03,"104.044265,30.662501",1998-06-01,青羊,50.44,https://cd.lianjia.com/ershoufang/106100389102.html,26765,25,百花西路上，中间楼层，临百花西路,百花西路9号  , 2室2厅 ,106100389102,1350000.0
227,2016-10-31,"104.06485342,30.58678507",2013-01-01,高新,184.69,https://cd.lianjia.com/ershoufang/106092866017.html,35195,138,中海城南一号业主自住装修四居，中高楼层，视野无遮挡,中海城南一号一期  , 4室2厅 ,106092866017,6500000.0
63,2017-08-17,"104.053736,30.561246",2011-10-13,高新,125.2,https://cd.lianjia.com/ershoufang/106100578079.html,23962,38,中海兰庭E户型中庭套四双卫出售,中海兰庭  , 4室2厅 ,106100578079,3000000.0
61,2017-08-12,"104.139056,30.666008",2012-04-01,成华,68.77,https://cd.lianjia.com/ershoufang/106100564042.html,14542,45,东2.5环，上霖东方，套二改成套三，客厅带阳台！,上霖东方  , 2室1厅 ,106100564042,1000000.0
163,2017-08-01,"104.065181,30.613967",2012-01-02,武侯,72.59,https://cd.lianjia.com/ershoufang/106100534229.html,14879,59,居家装修套二、不临街、客厅带阳台,上锦雅筑  , 2室2厅 ,106100534229,1080000.0
158,2017-08-01,"104.164966,30.634448",2014-12-31,成华,74.75,https://cd.lianjia.com/ershoufang/106100534482.html,18061,44,蓝 光锦绣 城套二带   装修。  ,蓝光锦绣城四期  , 2室1厅 ,106100534482,1350000.0
79,2017-08-12,"104.006581,30.655362",2008-11-21,武侯,110.92,https://cd.lianjia.com/ershoufang/106100563412.html,14245,44,西郡香林，电梯小区，套三双位。两个阳台,西郡香林  , 3室1厅 ,106100563412,1580000.0
22,2017-08-18,"104.125132,30.657116",2010-10-12,成华,87.82,https://cd.lianjia.com/ershoufang/106100580677.html,17081,27,花样年花郡 套二 朝南 对中庭 客厅带阳台 中等装修,花样年花郡  , 2室1厅 ,106100580677,1500000.0
36,2017-08-13,"104.130334,30.65491",2009-05-01,成华,89.7,https://cd.lianjia.com/ershoufang/106100565961.html,15831,10,标准套二，业主换房诚心卖房，看房提前与我联系,千居朝阳  , 2室1厅 ,106100565961,1420000.0
34,2017-08-09,"104.023527,30.660847",2015-05-12,武侯,121.0,https://cd.lianjia.com/ershoufang/106100555718.html,22315,51,中海龙湾半岛套三中间楼层 正南向 有阳台有入户视野好,中海龙湾半岛  , 3室2厅 ,106100555718,2700000.0
92,2017-07-31,"104.02726398,30.65765471",2005-04-02,武侯,94.34,https://cd.lianjia.com/ershoufang/106100531914.html,13038,101,套二改套三，有装修，电梯四楼，采光不错。,双楠所有阳光  , 3室2厅 ,106100531914,1230000.0
149,2017-07-12,"104.02711378,30.66963733",2010-07-07,青羊,158.38,https://cd.lianjia.com/ershoufang/106100485666.html,17679,94,仁和春天 朝南套三 顶楼带屋顶 对中庭不临街,仁和世代春天  , 3室2厅 ,106100485666,2800000.0
77,2017-07-20,"104.0062766,30.67349508",2011-04-07,青羊,112.74,https://cd.lianjia.com/ershoufang/106100503964.html,15257,22,  二十一世纪花园四期 跃层 套三 顶楼有产权,二十一世纪花园四期  , 3室2厅 ,106100503964,1720000.0
23,2017-08-09,"103.962503,30.676468",2013-12-17,青羊,81.77,https://cd.lianjia.com/ershoufang/106100554385.html,19568,52,凯德 套二 有装修 客厅有阳台 看房有钥匙,凯德风尚  , 2室1厅 ,106100554385,1600000.0
99,2017-07-12,"104.02711378,30.66963733",2010-07-07,青羊,156.61,https://cd.lianjia.com/ershoufang/106100485681.html,17879,93,仁和春天 朝南套三 顶楼带屋顶 对中庭不临街,仁和世代春天  , 3室2厅 ,106100485681,2800000.0
42,2017-08-17,"104.078537,30.556507",2013-07-23,高新,79.37,https://cd.lianjia.com/ershoufang/106100576442.html,20159,54,英郡三期，套二单卫客厅带阳台，高楼层,英郡三期  , 2室2厅 ,106100576442,1600000.0
16,2017-08-03,"104.09188376,30.64318998",2011-08-10,武侯,112.8,https://cd.lianjia.com/ershoufang/106100538730.html,19504,42,和信派都 套3 有装修 有家具家电  朝东北,和信派都  , 3室2厅 ,106100538730,2200000.0
149,2017-08-13,"104.097341,30.708079",2011-05-20,成华,78.46,https://cd.lianjia.com/ershoufang/106100565709.html,13893,45,华宇阳光水岸标准套二出售！！！,华宇阳光水岸  , 2室2厅 ,106100565709,1090000.0
90,2017-02-09,"104.023527,30.660847",2009-12-12,武侯,224.88,https://cd.lianjia.com/ershoufang/106100106473.html,22235,76,龙园不临街四房，装修直接入住，看房方便，位置安静！,中海龙湾半岛  , 4室2厅 ,106100106473,5000000.0
116,2017-08-02,"103.98214,30.673166",2014-07-09,青羊,79.42,https://cd.lianjia.com/ershoufang/106100536941.html,12340,56,清溪雅筑   套二   有装修,清溪雅筑  , 2室2厅 ,106100536941,980000.0
131,2017-08-10,"103.992074,30.689136",2015-02-05,青羊,55.62,https://cd.lianjia.com/ershoufang/106100559323.html,19598,61,小套二 带书房 业主自住装修 保养得很好,蓝光COCO金沙一期  , 2室2厅 ,106100559323,1090000.0
34,2017-08-05,"103.97745464,30.67628598",2014-06-13,青羊,81.83,https://cd.lianjia.com/ershoufang/106100546213.html,16498,80,心灵家园清水套二，户型方正，带阳台采光好,心灵家园  , 2室2厅 ,106100546213,1350000.0
34,2017-08-02,"104.004275,30.689082",2014-09-28,青羊,89.24,https://cd.lianjia.com/ershoufang/106100536660.html,16585,41,印象金沙，89平套二，客厅带阳台，户型方正,印象金沙  , 2室2厅 ,106100536660,1480000.0
67,2017-08-08,"104.00932565,30.68334076",2010-06-21,青羊,122.15,https://cd.lianjia.com/ershoufang/106100552129.html,22923,74,西园四期3室2厅交通便利小区环境干净舒适适合居住,金沙西园四期  , 3室2厅 ,106100552129,2800000.0
48,2017-04-26,"104.044265,30.662501",2008-05-03,青羊,50.44,https://cd.lianjia.com/ershoufang/106100296926.html,29739,64,百花西路上，中间楼层，有装修。,百花西路9号  , 2室1厅 ,106100296926,1500000.0
25,2017-08-08,"104.01041933,30.68086509",2010-12-08,青羊,84.65,https://cd.lianjia.com/ershoufang/106100553917.html,21619,7,内金沙 电梯套二 客厅卧室连通阳台 有装修,祥域  , 2室2厅 ,106100553917,1830000.0
21,2017-08-24,"103.992074,30.689136",2014-10-21,青羊,89.2,https://cd.lianjia.com/ershoufang/106100596441.html,17377,26,蓝光coco一期清水双卫套三 客厅带阳台 东南向看河！！,蓝光COCO金沙一期  , 3室2厅 ,106100596441,1550000.0
45,2017-08-14,"104.14936239,30.60307171",2014-01-27,锦江,64.41,https://cd.lianjia.com/ershoufang/106100570028.html,14998,78,鑫苑名家二期套二，对小区里面，经典小套二,鑫苑名家二期  , 2室1厅 ,106100570028,966000.0
93,2017-08-02,"104.10996725,30.65183127",2007-07-27,锦江,63.22,https://cd.lianjia.com/ershoufang/106100536965.html,12338,49,蜀都花园套一  低楼层   不临街,蜀都花园  , 1室2厅 ,106100536965,780000.0
31,2017-06-08,"104.097693,30.626789",2012-06-12,锦江,64.66,https://cd.lianjia.com/ershoufang/106100400666.html,17786,52,摩玛城   自住装修    标准套一对中庭,摩玛城  , 1室1厅 ,106100400666,1150000.0
62,2017-04-09,"104.07711447,30.65483729",2010-12-04,锦江,74.56,https://cd.lianjia.com/ershoufang/106100257151.html,30446,223,锦江明珠标准套二   双卧室朝南,锦江明珠  , 2室1厅 ,106100257151,2270000.0
7,2017-08-09,"104.118491,30.634294",2010-05-24,锦江,74.82,https://cd.lianjia.com/ershoufang/106100554641.html,23390,27,澳龙名城，客厅带阳台套二，满两年,澳龙名城  , 2室2厅 ,106100554641,1750000.0
90,2017-08-15,"103.999972,30.687538",2013-10-11,青羊,90.32,https://cd.lianjia.com/ershoufang/106100571068.html,17715,51,保利金香槟 套三 客厅带阳台 主卧带飘窗,保利金香槟  , 3室2厅 ,106100571068,1600000.0
239,2017-04-22,"104.075106,30.641574",2002-06-10,武侯,100.75,https://cd.lianjia.com/ershoufang/106100287339.html,12407,93,林荫街9号 中楼层 三居室 安静不临街,林荫街9号  , 3室2厅 ,106100287339,1250000.0
27,2017-07-18,"104.088232,30.657778",2014-11-11,锦江,89.96,https://cd.lianjia.com/ershoufang/106100500495.html,40018,37,铁狮门晶融汇 两居室 看太古里,铁狮门晶融汇  , 2室2厅 ,106100500495,3600000.0
77,2017-04-07,"104.113347,30.635146",2011-12-31,锦江,81.74,https://cd.lianjia.com/ershoufang/106100251285.html,20431,269,镏金套二改套三，双阳台，设计师装修,镏金岁月  , 2室2厅 ,106100251285,1670000.0
240,2017-08-09,"104.130652,30.606018",2011-05-25,锦江,82.17,https://cd.lianjia.com/ershoufang/106100555713.html,11562,43,上东锦城A区套二，有装修，有家具家电,上东锦城A区  , 2室2厅 ,106100555713,950000.0
55,2017-07-25,"104.112812,30.623982",2011-05-09,锦江,88.03,https://cd.lianjia.com/ershoufang/106100517803.html,15904,71,交大绿岭一期，高楼层套二，有装修,交大绿岭一期  , 2室1厅 ,106100517803,1400000.0
192,2017-07-02,"104.133482,30.608059",2014-09-01,锦江,87.0,https://cd.lianjia.com/ershoufang/106100462448.html,13564,232,客厅带阳台，东南朝向，户型方正，中间楼层,蓝谷地天域  , 2室2厅 ,106100462448,1180000.0
147,2017-07-27,"104.102412,30.618452",2011-02-16,锦江,85.21,https://cd.lianjia.com/ershoufang/106100521101.html,17017,96,翡翠城四期 套二 有装修 有阳台,翡翠城四期  , 2室1厅 ,106100521101,1450000.0
14,2017-08-09,"104.099424,30.630257",2013-02-22,锦江,90.83,https://cd.lianjia.com/ershoufang/106100554167.html,26423,29,望江橡树林二期   套三单卫有装修,瑞升望江橡树林二期  , 3室2厅 ,106100554167,2400000.0
38,2017-08-03,"104.094953,30.627638",2004-07-09,锦江,141.3,https://cd.lianjia.com/ershoufang/106100539527.html,20524,33,国信滨河雅居套三双卫，东南朝向,国信滨河雅居  , 3室2厅 ,106100539527,2900000.0
195,2017-08-06,"104.122735,30.624413",2012-11-08,锦江,70.06,https://cd.lianjia.com/ershoufang/106100547861.html,16843,63,二环边，沙河壹号居家套二可做套三,沙河壹号一期  , 2室2厅 ,106100547861,1180000.0
83,2016-11-04,"104.095343,30.652718",2010-03-03,锦江,116.28,https://cd.lianjia.com/ershoufang/106092876705.html,32680,252,时代豪庭一期朝南套二 带装修 看房方便,时代豪庭一期  , 2室2厅 ,106092876705,3800000.0
22,2017-08-06,"104.09855368,30.62856129",2010-11-05,锦江,122.6,https://cd.lianjia.com/ershoufang/106100548757.html,24960,51,望江橡树林一期 套三双卫 带阳台 清水房,望江橡树林一期  , 3室2厅 ,106100548757,3060000.0
18,2017-08-16,"104.148173,30.599724",2010-09-20,锦江,136.62,https://cd.lianjia.com/ershoufang/106100575483.html,15738,35,户型好，采光充足，大套三双卫！,和祥瑞苑  , 3室2厅 ,106100575483,2150000.0
11,2017-08-23,"104.139912,30.604777",2015-05-04,锦江,96.72,https://cd.lianjia.com/ershoufang/106100593102.html,15716,30,卓锦城三期 套二双卫 带阳台 朝西南,卓锦城三期  , 2室2厅 ,106100593102,1520000.0
25,2017-08-07,"104.098809,30.61789",2012-06-11,锦江,120.42,https://cd.lianjia.com/ershoufang/106100550030.html,27405,36,翡翠城五期，中间楼层，方正户型，有地暖有空调,翡翠城五期  , 3室2厅 ,106100550030,3300000.0
21,2017-08-05,"104.10438,30.615065",2007-03-20,锦江,120.24,https://cd.lianjia.com/ershoufang/106100544660.html,16468,23,康郡 套三双卫 有装修 有阳台,康郡  , 3室2厅 ,106100544660,1980000.0
39,2017-08-05,"104.09097164,30.60456576",2012-03-21,锦江,88.22,https://cd.lianjia.com/ershoufang/106100545800.html,18024,25,凯丽香江 3室2厅 交通便利 不临路 ,蓝光凯丽香江  , 3室2厅 ,106100545800,1590000.0
31,2017-08-22,"104.14922418,30.60434029",2012-06-18,锦江,104.46,https://cd.lianjia.com/ershoufang/106100590459.html,15317,33,鑫苑名家一期三室两厅一卫有装修,鑫苑名家一期  , 3室2厅 ,106100590459,1600000.0
47,2017-08-13,"104.109791,30.644676",2010-05-14,锦江,97.7,https://cd.lianjia.com/ershoufang/106100567554.html,17912,36,莲花逸都对中庭套三，无遮挡采光好，,莲花逸都  , 3室2厅 ,106100567554,1750000.0
61,2017-08-08,"104.102412,30.618452",2010-07-14,锦江,88.28,https://cd.lianjia.com/ershoufang/106100553749.html,23562,51,翡翠城四期  三居室  有阳台  朝东南,翡翠城四期  , 3室1厅 ,106100553749,2080000.0
20,2017-08-19,"104.099368,30.61635",2009-01-13,锦江,185.0,https://cd.lianjia.com/ershoufang/106100583722.html,27028,31,一梯一户洋房，位置安静，套四带保姆间，储物间，,翡翠城三期  , 4室2厅 ,106100583722,5000000.0
249,2017-08-03,"104.107188,30.614785",2005-03-21,锦江,64.78,https://cd.lianjia.com/ershoufang/106100538782.html,12041,21,业主自住房，户型方正的两居室，此房在金象花园,金象花园二期  , 2室2厅 ,106100538782,780000.0
13,2017-08-13,"104.19316,30.820216",2009-12-26,新都,77.9,https://cd.lianjia.com/ershoufang/106100568155.html,8345,28,御 城 + 电 梯 房 +房子 有 装 修,御城  , 2室2厅 ,106100568155,650000.0
86,2016-08-05,"104.176035,30.779828",2013-01-01,新都,165.24,https://cd.lianjia.com/ershoufang/106092559842.html,14404,169,万科五龙山九墅套三  户型正  采光好  视野开阔,万科五龙山九墅  , 3室2厅 ,106092559842,2380000.0
27,2017-08-19,"104.071884,30.773688",2012-09-11,新都,106.6,https://cd.lianjia.com/ershoufang/106100582044.html,10319,24,悉尼湾套三双卫+13万全新装修+朝南对中庭+可减免个税,汇融悉尼湾库吉岛一期  , 3室1厅 ,106100582044,1100000.0
20,2017-08-18,"104.071856,30.771679",2014-01-13,新都,108.36,https://cd.lianjia.com/ershoufang/106100579606.html,9967,33,汇融悉尼湾二期两梯四户套三双卫,汇融悉尼湾库吉岛二期  , 3室2厅 ,106100579606,1080000.0
74,2017-08-22,"104.151684,30.754889",2013-04-08,新都,88.68,https://cd.lianjia.com/ershoufang/106100591717.html,9134,22,装修套二 高楼层 对中庭 客厅有阳台,保利公园198玫瑰郡  , 2室2厅 ,106100591717,810000.0
60,2017-07-28,"104.151684,30.754889",2013-09-18,新都,134.0,https://cd.lianjia.com/ershoufang/106100524869.html,8956,41,保利公园198玫瑰郡套四无装修,保利公园198玫瑰郡  , 4室1厅 ,106100524869,1200000.0
56,2017-07-28,"104.17462,30.810908",2010-09-10,新都,157.63,https://cd.lianjia.com/ershoufang/106100523304.html,5520,19,翰香府跃层清水房，翰香府跃层清水房,翰香府  , 4室2厅 ,106100523304,870000.0
3,2017-08-27,"104.071884,30.773688",2012-09-11,新都,76.18,https://cd.lianjia.com/ershoufang/106100603597.html,9977,13,标准套二  港式横厅  客厅带阳台  有装修,汇融悉尼湾库吉岛一期  , 2室2厅 ,106100603597,760000.0
28,2017-08-13,"104.057158,30.774279",2014-03-12,新都,113.16,https://cd.lianjia.com/ershoufang/106100567080.html,6628,22,红湖公园城套三双卫，有装修，低楼层,红湖公园城  , 3室2厅 ,106100567080,750000.0
6,2017-08-24,"104.195465,30.811639",2012-07-25,新都,113.25,https://cd.lianjia.com/ershoufang/106100596868.html,10508,11,东骏湖清水套三 东南朝向 户型通透,东骏湖景湾二期  , 3室2厅 ,106100596868,1190000.0
10,2017-07-30,"104.071856,30.771679",2014-10-17,新都,101.24,https://cd.lianjia.com/ershoufang/106100531145.html,8890,18,不临街套三 有装修 客厅带阳台 朝东北 可以看房,汇融悉尼湾库吉岛二期  , 3室2厅 ,106100531145,900000.0
28,2017-08-13,"104.145009,30.799816",2014-09-04,新都,100.69,https://cd.lianjia.com/ershoufang/106100565937.html,7846,6,传化 套三双卫带书房 朝南看河好房 ,传化国际新城  , 3室2厅 ,106100565937,790000.0
38,2017-07-09,"104.17462,30.810908",2009-12-25,新都,157.43,https://cd.lianjia.com/ershoufang/106100480002.html,5717,21,翰香府套三 带屋顶花园 户型方正,翰香府  , 3室3厅 ,106100480002,900000.0
33,2017-08-05,"104.259411,30.571537",2010-06-10,龙泉驿,162.91,https://cd.lianjia.com/ershoufang/106100546244.html,7121,18,龙府花园三室两厅两厨两卫，交通便利,龙府花园  , 3室2厅 ,106100546244,1160000.0
81,2017-07-19,"104.154475,30.626099",2008-09-22,龙泉驿,132.6,https://cd.lianjia.com/ershoufang/106100503093.html,11690,15,武城大观城市花园二期，多层套三有装修,武城大观城市花园二期  , 3室2厅 ,106100503093,1550000.0
0,2017-08-23,"104.21164,30.576304",2014-04-08,龙泉驿,76.4,https://cd.lianjia.com/ershoufang/106100593462.html,10472,52,四季映象 套二 装修房 视野采光好,四季映像  , 2室1厅 ,106100593462,800000.0
124,2017-08-10,"104.260942,30.573806",2010-07-16,龙泉驿,89.67,https://cd.lianjia.com/ershoufang/106100557554.html,9926,73,金上城套三单卫房屋出售     。,金上城  , 3室2厅 ,106100557554,890000.0
208,2017-06-17,"104.208725,30.581919",2011-12-26,龙泉驿,155.56,https://cd.lianjia.com/ershoufang/106100421298.html,17357,11,龙城一号 精装修顶跃 带花园 家具家电 有地暖 ,龙城1号  , 4室2厅 ,106100421298,2700000.0
129,2017-08-06,"104.32254,30.613082",2011-05-06,龙泉驿,112.09,https://cd.lianjia.com/ershoufang/106100546837.html,5353,37,利通天鹅堡+套三双卫+双阳台+看龙泉山脉,利通天鹅堡  , 3室2厅 ,106100546837,600000.0
78,2017-08-03,"104.236188,30.576275",2014-08-03,龙泉驿,85.0,https://cd.lianjia.com/ershoufang/106100539780.html,9648,90,康城套三朝中庭带入户花园 卧室带飘窗,四季康城  , 3室1厅 ,106100539780,820000.0
29,2017-08-18,"104.192572,30.576311",2015-06-24,龙泉驿,118.52,https://cd.lianjia.com/ershoufang/106100581497.html,14344,28,业主接受按揭付款，签约方便，居家装修，一梯两户,世茂城二期  , 4室1厅 ,106100581497,1700000.0
7,2017-08-24,"104.246037,30.57883",2009-08-08,龙泉驿,117.55,https://cd.lianjia.com/ershoufang/106100595073.html,13612,12,艺锦湾 多层 套三双卫 通透户型 装修房,艺锦湾一期  , 3室2厅 ,106100595073,1600000.0
321,2017-07-21,"103.868526,30.704063",2010-11-24,温江,105.47,https://cd.lianjia.com/ershoufang/106100506541.html,6922,65,世纪光华 套三双卫  装修  满两年,世纪光华  , 3室2厅 ,106100506541,730000.0
34,2017-08-16,"103.854266,30.6906",2015-03-26,温江,87.77,https://cd.lianjia.com/ershoufang/106100573807.html,11394,47,格凌兰 套三带装修 房东自住房 拎包入住,格凌兰  , 3室1厅 ,106100573807,1000000.0
196,2017-07-22,"104.192887,30.575356",2015-05-19,龙泉驿,117.41,https://cd.lianjia.com/ershoufang/106100508348.html,9795,71,世茂城一期简装修套三户型，带阳台。,世茂城一期  , 3室2厅 ,106100508348,1150000.0
14,2017-08-15,"103.878588,30.685618",2014-02-19,温江,140.79,https://cd.lianjia.com/ershoufang/106100571079.html,12785,26,看江安河 套四三卫清水房 中间楼层,佳兆业丽晶港  , 4室2厅 ,106100571079,1800000.0
150,2017-08-17,"103.846712,30.65578",2010-05-07,温江,83.78,https://cd.lianjia.com/ershoufang/106100576198.html,5789,42,花样城装修套二，拎包入住，随时看房。,花样年花样城  , 2室2厅 ,106100576198,485000.0
61,2017-08-04,"103.868526,30.704063",2009-09-27,温江,108.57,https://cd.lianjia.com/ershoufang/106100541840.html,7369,51,世纪光华  精装套三  视野明亮  离小区门口近,世纪光华  , 3室2厅 ,106100541840,800000.0
9,2017-08-23,"104.303613,30.587269",2012-11-19,龙泉驿,168.24,https://cd.lianjia.com/ershoufang/106100593538.html,8887,7,山水四季城套五，朝东南，客厅带阳台，卧室带飘窗,山水四季城  , 5室2厅 ,106100593538,1495000.0
63,2017-07-30,"103.950736,30.773139",2013-05-16,郫都,49.37,https://cd.lianjia.com/ershoufang/106100529072.html,10533,33,华润橡树湾A区 小套二 不临街 有装修,华润橡树湾A区  , 2室1厅 ,106100529072,520000.0
56,2017-07-17,"103.996741,30.733224",2012-04-26,郫都,82.38,https://cd.lianjia.com/ershoufang/106100497373.html,11168,51,派克公馆 2室2厅 92万,派克公馆  , 2室2厅 ,106100497373,920000.0
48,2017-05-06,"103.877595,30.698641",2012-04-20,温江,121.6,https://cd.lianjia.com/ershoufang/106100320647.html,9869,48,中铁瑞景澜庭 跃层 送花园  送装修,中铁瑞景澜庭  , 3室2厅 ,106100320647,1200000.0
6,2017-08-26,"103.865019,30.700005",2010-06-07,温江,196.0,https://cd.lianjia.com/ershoufang/106100601465.html,6531,3,优取舍 四室两厅 交通便利 小区环境干净舒适 适合居住,优取舍  , 4室2厅 ,106100601465,1280000.0
174,2016-12-07,"103.822162,30.684502",2011-07-27,温江,130.0,https://cd.lianjia.com/ershoufang/106092936307.html,7154,114,海科名城    清水套三    带车位   客厅朝东南,海科名城  , 3室2厅 ,106092936307,930000.0
78,2017-08-04,"103.848238,30.721888",2010-12-14,温江,123.23,https://cd.lianjia.com/ershoufang/106100542096.html,5153,16,春江青龙湾 套三双卫 多层清水 ,春江青龙湾  , 3室2厅 ,106100542096,635000.0
293,2017-08-12,"103.843263,30.685924",2013-02-06,温江,60.91,https://cd.lianjia.com/ershoufang/106100562486.html,7224,42,柳岸银洲     套二单卫 装修房,柳岸银洲  , 2室1厅 ,106100562486,440000.0
24,2017-08-10,"103.883053,30.681983",2012-01-10,温江,117.02,https://cd.lianjia.com/ershoufang/106100557267.html,10255,27,边城香格里小区，三室两厅，带大阳台，小区环境干净。,边城香格里  , 3室2厅 ,106100557267,1200000.0
146,2017-05-30,"103.902073,30.681937",2011-09-14,温江,121.84,https://cd.lianjia.com/ershoufang/106100377353.html,9849,100,金河谷一期 清水套三 客厅带阳台 ,金河谷一期  , 3室2厅 ,106100377353,1200000.0
306,2017-05-11,"103.868526,30.704063",2011-03-18,温江,82.71,https://cd.lianjia.com/ershoufang/106100333028.html,7255,103,世纪光华 装修不带家电  套二,世纪光华  , 2室2厅 ,106100333028,600000.0
120,2017-07-02,"103.8951307694,30.685666173407",2005-08-23,温江,118.86,https://cd.lianjia.com/ershoufang/106100461686.html,8077,62,建信奥林匹克花园套三带阳台出售,建信奥林匹克花园  , 3室2厅 ,106100461686,960000.0
20,2017-07-13,"103.878588,30.685618",2015-08-25,温江,130.99,https://cd.lianjia.com/ershoufang/106100487429.html,10841,97,丽晶港大套三带书房带衣帽间 位置好 满两年 ,佳兆业丽晶港  , 4室2厅 ,106100487429,1420000.0
15,2017-06-21,"103.873617,30.690868",2013-09-25,温江,131.96,https://cd.lianjia.com/ershoufang/106100432136.html,11368,42,珠江御景湾  套三双卫  带三个阳台,珠江御景湾  , 3室2厅 ,106100432136,1500000.0
28,2017-06-22,"103.909737,30.719604",2014-02-11,温江,119.73,https://cd.lianjia.com/ershoufang/106100434637.html,6515,84,置信学府杏林，竖厅，一楼，套三,置信学府杏林一期  , 3室2厅 ,106100434637,780000.0
0,2017-07-28,"103.854266,30.6906",2014-10-09,温江,73.0,https://cd.lianjia.com/ershoufang/106100524906.html,9453,44,格凌兰  套二清水 可自由设计装修风格  ,格凌兰  , 2室2厅 ,106100524906,690000.0
127,2017-06-28,"103.892441,30.681883",2012-07-24,温江,134.64,https://cd.lianjia.com/ershoufang/106100450408.html,9285,78,香瑞湖套三带储物间 带转角大阳台,蓝光香瑞湖  , 3室2厅 ,106100450408,1250000.0
0,2017-08-20,"104.001721,30.74212",2015-08-20,郫都,94.35,https://cd.lianjia.com/ershoufang/106100587098.html,11659,12,装修套三双卫+进门带入户花园+带三个阳台,成都后花园三期  , 3室2厅 ,106100587098,1100000.0
38,2017-07-20,"103.902073,30.681937",2011-07-28,温江,140.14,https://cd.lianjia.com/ershoufang/106100504218.html,11989,51,金河谷一期四室2厅双卫有阳台出售,金河谷一期  , 4室2厅 ,106100504218,1680000.0
52,2017-07-26,"103.829655,30.68162",2012-01-11,温江,148.0,https://cd.lianjia.com/ershoufang/106100519587.html,6892,42,水韵尚城清水套三双卫交通便利小区环境干净舒适,水韵尚城  , 3室2厅 ,106100519587,1020000.0
29,2017-08-04,"103.905507,30.81192",2010-06-24,郫都,89.32,https://cd.lianjia.com/ershoufang/106100541748.html,6718,12,一里阳光+清水房大套二+采光好 ,一里阳光  , 2室2厅 ,106100541748,600000.0
115,2017-06-10,"103.901418,30.684799",2014-02-14,温江,87.21,https://cd.lianjia.com/ershoufang/106100406062.html,10320,64,春天大道装修套二，客厅带阳台.,春天大道  , 2室2厅 ,106100406062,900000.0
0,2017-08-27,"103.989855,30.751838",2013-03-18,郫都,121.66,https://cd.lianjia.com/ershoufang/106100603205.html,9864,1,公园榕郡，装修房，套四双卫，客厅带阳台，东南朝向,公园榕郡  , 4室2厅 ,106100603205,1200000.0
148,2017-07-14,"103.871331,30.687156",2015-05-29,温江,104.0,https://cd.lianjia.com/ershoufang/106100489800.html,9135,54,光华国际 客厅带阳台 客厅朝东南,光华国际  , 3室2厅 ,106100489800,950000.0
47,2016-07-31,"103.87962,30.693351",2013-01-01,温江,132.0,https://cd.lianjia.com/ershoufang/106092542346.html,9319,165,美茵河谷小区 三室两厅两卫生 小区环境干净,美茵河谷  , 3室2厅 ,106092542346,1230000.0
47,2017-07-21,"103.878588,30.685618",2015-01-16,温江,123.39,https://cd.lianjia.com/ershoufang/106100506088.html,11509,88,丽晶港套三带书房户型 实得面积大 对中庭,佳兆业丽晶港  , 4室2厅 ,106100506088,1420000.0
0,2017-07-21,"104.247871,30.579626",2014-12-08,龙泉驿,181.12,https://cd.lianjia.com/ershoufang/106100506157.html,15736,24,皇冠国际社区二期小高层毛坯顶跃,皇冠国际社区二期  , 4室2厅 ,106100506157,2850000.0
88,2017-06-12,"103.909737,30.719604",2015-02-09,温江,84.86,https://cd.lianjia.com/ershoufang/106100410837.html,7719,84,置信学府杏林精装套二，中间楼层,置信学府杏林一期  , 2室2厅 ,106100410837,655000.0
121,2017-07-11,"103.997442,30.753755",2012-02-01,郫都,99.63,https://cd.lianjia.com/ershoufang/106100483155.html,8833,29,装修套三，带家具家电，满两年 。,晶宝盛世桃源  , 3室2厅 ,106100483155,880000.0
36,2017-08-20,"103.87149,30.685399",2011-11-08,温江,128.63,https://cd.lianjia.com/ershoufang/106100586146.html,8552,26,依云镇 装修房 套三双卫 视野开阔,依云  , 3室2厅 ,106100586146,1100000.0
67,2017-06-30,"103.979528,30.764435",2009-12-15,郫都,68.78,https://cd.lianjia.com/ershoufang/106100456978.html,11632,85,万树森林二期 2室1厅 80万,万树森林二期  , 2室1厅 ,106100456978,800000.0
1,2017-07-24,"104.289527,30.571308",2010-04-07,龙泉驿,140.07,https://cd.lianjia.com/ershoufang/106100515049.html,10709,2,东麓驿境套三多层三楼带大阳台诚心卖,东麓驿境二期  , 3室2厅 ,106100515049,1500000.0
180,2017-05-17,"103.950736,30.773139",2015-07-22,郫都,36.37,https://cd.lianjia.com/ershoufang/106100346145.html,11823,87,橡树湾+套一+客厅带阳台+有装修+有产权,华润橡树湾A区  , 1室1厅 ,106100346145,430000.0
42,2017-06-01,"103.998028,30.737402",2007-09-03,郫都,4.2,https://cd.lianjia.com/ershoufang/106100382740.html,13476,60,《双拼别墅》全别墅小区 清水 前后花园 双车位,君临天下   , 双拼别墅 ,106100382740,3800000.0
78,2017-08-02,"103.865146,30.696138",2014-06-13,温江,132.03,https://cd.lianjia.com/ershoufang/106100536590.html,9089,43,西花汀 碧落湖 满二年 家乐福 永辉超市 伊藤,西花汀  , 3室2厅 ,106100536590,1200000.0
10,2017-08-27,"103.818163,30.681079",2011-01-20,温江,99.56,https://cd.lianjia.com/ershoufang/106100602825.html,7031,12,西财学府尚郡，清水，套三单卫，朝南,西财学府尚郡  , 3室2厅 ,106100602825,700000.0
565,2017-04-09,"103.947422,30.779542",2014-08-19,郫都,40.18,https://cd.lianjia.com/ershoufang/106100257622.html,8711,91,跃层公寓+采光充足+装修未住过,龙城国际  , 3室2厅 ,106100257622,350000.0
14,2017-08-16,"103.899943,30.798916",2013-08-13,郫都,89.03,https://cd.lianjia.com/ershoufang/106100573155.html,8762,19,海骏达一期北区出售 客厅带阳台 满2年，中高层,海骏达蜀都1号一期北区  , 3室2厅 ,106100573155,780000.0
65,2017-07-22,"103.947422,30.779542",2013-08-02,郫都,109.0,https://cd.lianjia.com/ershoufang/106100510290.html,10551,36,龙城国际+109平套三双卫带衣帽间+送家具家电,龙城国际  , 3室2厅 ,106100510290,1150000.0
125,2017-08-01,"103.897897,30.686096",2010-10-12,温江,84.95,https://cd.lianjia.com/ershoufang/106100533963.html,10595,59,万科朗润园2室2厅，交通便利，小区环境干净舒适,万科朗润园  , 2室2厅 ,106100533963,900000.0
49,2017-08-07,"103.865019,30.700005",2009-09-16,温江,139.0,https://cd.lianjia.com/ershoufang/106100551670.html,6044,35,优取舍 交通便利 小区环境舒适 适合居住,优取舍  , 3室2厅 ,106100551670,840000.0
322,2017-06-03,"104.291094,30.582031",2011-06-27,龙泉驿,92.27,https://cd.lianjia.com/ershoufang/106100387551.html,5961,39,瑞临锦苑 多层 套二 双阳台 采光无遮挡 视野开阔,瑞临锦苑  , 2室2厅 ,106100387551,550000.0
54,2017-08-10,"104.319243,30.612469",2010-09-01,龙泉驿,118.02,https://cd.lianjia.com/ershoufang/106100556902.html,5084,23,明星花苑_套三双卫_不临街_有平台,明星花苑  , 3室2厅 ,106100556902,600000.0
115,2017-07-01,"103.876663,30.831896",2015-04-27,郫都,88.1,https://cd.lianjia.com/ershoufang/106100457896.html,6584,132,中冶田园世界套三单卫客厅带阳台卧室带飘窗,中冶田园世界  , 3室2厅 ,106100457896,580000.0
49,2017-07-14,"104.266164,30.543366",2012-06-28,龙泉驿,170.45,https://cd.lianjia.com/ershoufang/106100490605.html,8214,45,电梯小高层+临芦溪河套四清水+中间楼层视野开阔采光好,东山国际新城C区  , 4室1厅 ,106100490605,1400000.0
31,2017-07-22,"103.897889,30.800406",2012-12-06,郫都,106.0,https://cd.lianjia.com/ershoufang/106100509114.html,9434,48,中信未来城北区简装套三，看房方便,中信未来城北区  , 3室2厅 ,106100509114,1000000.0
258,2017-06-20,"103.904917,30.792192",2014-12-02,郫都,89.26,https://cd.lianjia.com/ershoufang/106100430926.html,7843,138,绿地国际花都三期+套三单卫+基础装修+客厅正带飘窗,绿地国际花都三期  , 3室1厅 ,106100430926,700000.0
145,2017-03-15,"104.206598,30.579163",2014-04-23,龙泉驿,115.77,https://cd.lianjia.com/ershoufang/106100196470.html,10193,130,师大现代花园 三室两厅，户型方正，看房方便,师大现代花园  , 3室2厅 ,106100196470,1180000.0
15,2017-05-27,"103.950174,30.772123",2014-10-30,郫都,62.4,https://cd.lianjia.com/ershoufang/106100371903.html,11859,116,华润橡树湾B区+套三单卫+有阳台+有飘窗+不临街+无装修,华润橡树湾B区  , 3室2厅 ,106100371903,740000.0
126,2017-07-20,"104.206598,30.579163",2014-02-21,龙泉驿,121.0,https://cd.lianjia.com/ershoufang/106100504441.html,12232,118,师大现代花园，精装套三户型方正，对中庭，,师大现代花园  , 3室2厅 ,106100504441,1480000.0
67,2017-08-10,"104.21164,30.576304",2013-12-30,龙泉驿,56.75,https://cd.lianjia.com/ershoufang/106100556698.html,11807,21,四季映象 套二 装修房 低楼层,四季映像  , 2室2厅 ,106100556698,670000.0
315,2017-06-30,"104.215477,30.575902",2015-04-02,龙泉驿,88.34,https://cd.lianjia.com/ershoufang/106100457026.html,10868,94,首创万卷山 套三 有装修 3-2-1-1,首创万卷山  , 3室2厅 ,106100457026,960000.0
99,2017-07-23,"103.897889,30.800406",2012-12-28,郫都,106.01,https://cd.lianjia.com/ershoufang/106100513535.html,8868,71,套三双卫 居家装修带地暖 满2年出售 ,中信未来城北区  , 3室2厅 ,106100513535,940000.0
139,2017-07-03,"104.26879,30.546027",2014-03-28,龙泉驿,122.83,https://cd.lianjia.com/ershoufang/106100463323.html,6921,110,在售东山国际新城E区清水房    .,东山国际新城E区  , 3室2厅 ,106100463323,850000.0
142,2017-04-07,"103.947422,30.779542",2013-09-23,郫都,106.0,https://cd.lianjia.com/ershoufang/106100250982.html,10378,252,..清水房这套是套三双卫的户型,龙城国际  , 3室2厅 ,106100250982,1100000.0
61,2017-07-30,"103.957886,30.775909",2014-10-17,郫都,65.3,https://cd.lianjia.com/ershoufang/106100530396.html,8423,87,宇众曼城装+视野好+朝小区里面,宇众曼城  , 3室1厅 ,106100530396,550000.0
45,2017-08-15,"104.154475,30.626099",2008-08-27,龙泉驿,121.0,https://cd.lianjia.com/ershoufang/106100572140.html,10331,17,武城大观城市花园二期 3室2厅 交通便利,武城大观城市花园二期  , 3室2厅 ,106100572140,1250000.0
30,2017-06-28,"104.208725,30.581919",2013-05-10,龙泉驿,141.09,https://cd.lianjia.com/ershoufang/106100449568.html,14885,31,龙城一号 有装修套三 户型方正 明厨明卫 有20平米花园,龙城1号  , 3室2厅 ,106100449568,2100000.0
71,2017-07-09,"104.001273,30.738318",2014-08-04,郫都,114.02,https://cd.lianjia.com/ershoufang/106100478252.html,10525,84,装修套三 双卫 东南朝向 有车位价格另算,中铁塔米亚  , 3室2厅 ,106100478252,1200000.0
90,2017-08-13,"104.186227,30.572133",2010-08-05,龙泉驿,134.34,https://cd.lianjia.com/ershoufang/106100566511.html,8189,21,银河花园一期顶楼跃层带屋顶花园,银河花园  , 3室3厅 ,106100566511,1100000.0
27,2017-08-11,"103.876663,30.831896",2015-08-27,郫都,73.85,https://cd.lianjia.com/ershoufang/106100561106.html,7448,20, 套二装修 中间楼层 客厅带阳台卧室带飘窗,中冶田园世界  , 2室1厅 ,106100561106,550000.0
84,2016-01-15,"103.998028,30.737402",2010-01-01,郫都,4.2,https://cd.lianjia.com/ershoufang/106091428823.html,15229,119,《双拼别墅》全别墅小区 带花园 1个车位 中间位置,君临天下   , 双拼别墅 ,106091428823,3000000.0
65,2017-08-10,"104.208725,30.581919",2009-03-02,龙泉驿,120.72,https://cd.lianjia.com/ershoufang/106100557907.html,13254,33,龙城一号 套三双卫 位置安静 客厅正带阳台,龙城1号  , 3室2厅 ,106100557907,1600000.0
3,2017-07-03,"104.003183,30.743925",2015-06-01,郫都,4.2,https://cd.lianjia.com/ershoufang/106100464539.html,15453,33,成都后花园二期，  半装修下叠，,成都后花园二期   , 叠拼别墅 ,106100464539,4500000.0
61,2017-08-18,"103.895021,30.805992",2011-05-10,郫都,85.8,https://cd.lianjia.com/ershoufang/106100579816.html,5245,27,国安尚郡装修套二，电梯房，满两年无增值税,国安尚郡  , 2室2厅 ,106100579816,450000.0
71,2017-06-29,"103.996741,30.733224",2013-05-09,郫都,175.46,https://cd.lianjia.com/ershoufang/106100453147.html,10031,61,清水套四 位置安静 客厅有阳台 主卧带衣帽间  ,派克公馆  , 4室2厅 ,106100453147,1760000.0
44,2017-08-16,"104.213894,30.585653",2015-01-20,龙泉驿,85.06,https://cd.lianjia.com/ershoufang/106100575264.html,12933,44,套三双卫 精装修 带阳台 带入户,中国铁建国际城  , 3室2厅 ,106100575264,1100000.0
20,2017-08-15,"104.206598,30.579163",2014-09-30,龙泉驿,116.14,https://cd.lianjia.com/ershoufang/106100572788.html,11194,24,师大现代花园，套三户型方正带花园，视野采光好,师大现代花园  , 3室2厅 ,106100572788,1300000.0
44,2017-08-13,"103.990599,30.762145",2013-01-04,郫都,92.08,https://cd.lianjia.com/ershoufang/106100566534.html,10643,56,交大卡布里城，装修套二，满两年,交大卡布里城  , 2室2厅 ,106100566534,980000.0
55,2017-06-16,"103.895975,30.79901",2014-09-23,郫都,130.0,https://cd.lianjia.com/ershoufang/106100419517.html,9847,99,中信未来城 装修套四 不临街 有阳台,中信未来城南区  , 4室2厅 ,106100419517,1280000.0
22,2017-08-04,"103.996741,30.733224",2013-01-07,郫都,121.5,https://cd.lianjia.com/ershoufang/106100543701.html,11935,33,居家装修套三+满两年+提前预约可看,派克公馆  , 3室2厅 ,106100543701,1450000.0
22,2017-08-21,"103.957886,30.775909",2014-05-04,郫都,65.12,https://cd.lianjia.com/ershoufang/106100587724.html,7679,30,毛坯房+宇众曼城标准套二+低楼层,宇众曼城  , 2室2厅 ,106100587724,500000.0
30,2017-08-22,"104.213894,30.585653",2014-02-20,龙泉驿,88.0,https://cd.lianjia.com/ershoufang/106100590252.html,13069,32,套三双卫 装修可拎包入住入住 带阳台 朝南,中国铁建国际城  , 3室1厅 ,106100590252,1150000.0
24,2017-06-08,"104.055822,30.761414",2014-01-02,新都,88.53,https://cd.lianjia.com/ershoufang/106100401244.html,7907,34,博雅新城有装修套二可以看房。。,博雅新城A区  , 2室2厅 ,106100401244,700000.0
82,2017-08-05,"103.950736,30.773139",2013-07-09,郫都,54.46,https://cd.lianjia.com/ershoufang/106100543883.html,14690,79,"套三 有装修 客厅带阳台 带全部家具家电,客厅朝东北",华润橡树湾A区  , 3室1厅 ,106100543883,800000.0
14,2017-08-07,"104.151684,30.754889",2015-07-03,新都,133.77,https://cd.lianjia.com/ershoufang/106100550223.html,12709,5,装修房，有家具家电，套三改套四,保利公园198玫瑰郡  , 4室2厅 ,106100550223,1700000.0
33,2017-08-15,"104.071884,30.773688",暂无数据,新都,87.21,https://cd.lianjia.com/ershoufang/106100572187.html,8027,41,汇融悉尼湾一期 清水套二单卫 可改套3,汇融悉尼湾库吉岛一期  , 2室2厅 ,106100572187,700000.0
62,2017-08-20,"104.21164,30.576304",2014-06-14,龙泉驿,90.03,https://cd.lianjia.com/ershoufang/106100585382.html,11108,55,四季映像 套三装修房 朝南带入户,四季映像  , 3室1厅 ,106100585382,1000000.0
0,2017-08-11,"104.186048,30.824715",2006-06-20,新都,153.41,https://cd.lianjia.com/ershoufang/106100561316.html,5606,6,天府香城  4室2厅1厨2卫  153.41平米,天府香城  , 4室2厅 ,106100561316,860000.0
157,2017-04-30,"104.183393,30.574493",2010-03-02,龙泉驿,77.34,https://cd.lianjia.com/ershoufang/106100306391.html,12284,20,恒大绿洲 朝西南的二居室 有装修 带电梯,恒大绿洲  , 2室2厅 ,106100306391,950000.0
8,2017-08-20,"104.071856,30.771679",2014-06-30,新都,129.33,https://cd.lianjia.com/ershoufang/106100586805.html,12217,1,精装套四带书房 主卧带独立卫生间 坐北朝南 ,汇融悉尼湾库吉岛二期  , 4室2厅 ,106100586805,1580000.0
8,2017-08-24,"104.188769,30.816614",2009-06-01,新都,84.66,https://cd.lianjia.com/ershoufang/106100596234.html,7796,8,维也纳花园一期 两室两厅 有装修,维也纳花园一期  , 2室2厅 ,106100596234,660000.0
10,2017-08-21,"104.071884,30.773688",2011-11-07,新都,100.19,https://cd.lianjia.com/ershoufang/106100589646.html,9782,11,汇融悉尼湾 套三双卫 朝南  有装修 带入户,汇融悉尼湾库吉岛一期  , 3室2厅 ,106100589646,980000.0
93,2017-04-02,"104.189878,30.823345",2010-06-22,新都,40.11,https://cd.lianjia.com/ershoufang/106100242708.html,5735,37,橄榄郡标间 房东诚心出售 带装修的,橄榄郡  , 1室0厅 ,106100242708,230000.0
38,2017-08-08,"104.053515,30.764672",暂无数据,新都,170.0,https://cd.lianjia.com/ershoufang/106100552560.html,5883,34,博雅新城D区 清水跃层 带屋顶花园,博雅新城D区  , 5室2厅 ,106100552560,1000000.0
56,2017-08-03,"104.094675,30.762713",暂无数据,新都,75.45,https://cd.lianjia.com/ershoufang/106100538966.html,8615,33,保利城一期 两室两厅  有装修,保利城一期  , 2室2厅 ,106100538966,650000.0
43,2017-08-03,"104.152215,30.803954",2012-03-23,新都,130.93,https://cd.lianjia.com/ershoufang/106100539689.html,7027,12,富力桃园 套三双卫 朝南好房 客厅正带阳台,富力桃园A区  , 3室2厅 ,106100539689,920000.0
119,2017-08-06,"104.151684,30.754889",暂无数据,新都,125.0,https://cd.lianjia.com/ershoufang/106100547824.html,8000,47,保利公园玫瑰郡，景观房套四，无装修,保利公园198玫瑰郡  , 4室2厅 ,106100547824,1000000.0
11,2017-08-16,"104.185004,30.821817",2009-03-12,新都,170.59,https://cd.lianjia.com/ershoufang/106100573941.html,6918,1,状元府170.59平米3室2厅1厨3卫有装修有家具家电出售,状元府邸  , 3室2厅 ,106100573941,1180000.0
14,2017-08-18,"104.056053,30.764171",2014-08-27,新都,88.27,https://cd.lianjia.com/ershoufang/106100579186.html,6798,13,中庭位置2室1厨1卫 简单装修,博雅新城C区  , 2室2厅 ,106100579186,600000.0
91,2017-03-15,"104.172473,30.804674",2015-07-21,新都,75.52,https://cd.lianjia.com/ershoufang/106100195304.html,7945,46,标准套二，适合年轻人，采光好，配套完善,香域中央  , 2室2厅 ,106100195304,600000.0
97,2017-06-06,"104.151684,30.754889",2014-12-24,新都,133.77,https://cd.lianjia.com/ershoufang/106100396010.html,10466,61,保利公园198套三两厅双卫的装修房,保利公园198玫瑰郡  , 3室2厅 ,106100396010,1400000.0
52,2017-07-22,"104.075196,30.769076",2014-06-30,新都,68.0,https://cd.lianjia.com/ershoufang/106100510606.html,10295,44,达令港  底楼两居室  带花园55平  装修,汇融悉尼湾达令港  , 2室2厅 ,106100510606,700000.0
